Order_ID,Order_Date,Customer_ID,Category,Sales,Profit,Discount
ORD-00001,2024-01-19,CUST-0019,Furniture,233.86,-6.57,0.23
ORD-00002,2024-01-11,CUST-0115,Furniture,398.01,1.28,0.18
ORD-00003,2024-01-07,CUST-0076,Office Supplies,30.99,1.99,0.17
ORD-00004,2024-01-11,CUST-0075,Office Supplies,116.12,12.19,0.1
ORD-00005,2024-01-13,CUST-0098,Technology,580.04,82.19,0.14
ORD-00006,2024-01-21,CUST-0106,Technology,615.66,76.22,0.17
ORD-00007,2024-01-11,CUST-0080,Technology,441.25,67.46,0.12
ORD-00008,2024-01-03,CUST-0032,Office Supplies,79.01,6.96,0.13
ORD-00009,2024-01-20,CUST-0098,Technology,403.34,71.15,0.08
ORD-00010,2024-01-04,CUST-0086,Office Supplies,125.46,13.27,0.1
ORD-00011,2024-01-07,CUST-0027,Technology,832.05,98.47,0.18
ORD-00012,2024-01-05,CUST-0005,Furniture,567.2,15.35,0.13
ORD-00013,2024-01-03,CUST-0052,Office Supplies,83.04,7.97,0.12
ORD-00014,2024-01-12,CUST-0047,Office Supplies,97.53,13.63,0.04
ORD-00015,2024-01-15,CUST-0065,Technology,448.08,50.64,0.19
ORD-00016,2024-01-23,CUST-0027,Office Supplies,85.94,11.64,0.04
ORD-00017,2024-01-26,CUST-0116,Technology,679.99,95.47,0.14
ORD-00018,2024-01-01,CUST-0024,Office Supplies,106.67,11.25,0.1
ORD-00019,2024-01-18,CUST-0027,Office Supplies,115.93,8.83,0.15
ORD-00020,2024-01-22,CUST-0051,Technology,595.62,76.74,0.17
ORD-00021,2024-01-05,CUST-0113,Technology,290.75,53.39,0.07
ORD-00022,2024-01-04,CUST-0014,Technology,408.19,51.3,0.17
ORD-00023,2024-01-05,CUST-0023,Office Supplies,93.99,12.76,0.04
ORD-00024,2024-01-20,CUST-0009,Technology,201.8,40.55,0.03
ORD-00025,2024-01-11,CUST-0080,Technology,513.39,84.22,0.1
ORD-00026,2024-01-21,CUST-0010,Technology,258.54,36.39,0.14
ORD-00027,2024-01-17,CUST-0031,Office Supplies,29.85,2.61,0.13
ORD-00028,2024-01-28,CUST-0050,Furniture,103.2,-6.08,0.29
ORD-00029,2024-01-21,CUST-0033,Technology,305.01,47.07,0.12
ORD-00030,2024-01-09,CUST-0100,Furniture,430.96,-6.31,0.21
ORD-00031,2024-01-11,CUST-0035,Technology,442.03,70.86,0.11
ORD-00032,2024-01-21,CUST-0023,Office Supplies,110.87,11.59,0.1
ORD-00033,2024-01-06,CUST-0009,Office Supplies,108.69,8.69,0.15
ORD-00034,2024-01-18,CUST-0109,Office Supplies,97.87,7.39,0.15
ORD-00035,2024-01-18,CUST-0099,Office Supplies,108.46,9.46,0.13
ORD-00036,2024-01-03,CUST-0113,Technology,363.83,51.25,0.14
ORD-00037,2024-01-23,CUST-0059,Office Supplies,128.25,11.39,0.13
ORD-00038,2024-01-18,CUST-0107,Office Supplies,95.43,9.28,0.11
ORD-00039,2024-01-12,CUST-0099,Technology,444.94,65.71,0.13
ORD-00040,2024-01-05,CUST-0030,Furniture,547.41,30.67,0.08
ORD-00041,2024-01-02,CUST-0006,Furniture,291.88,-5.33,0.22
ORD-00042,2024-01-26,CUST-0063,Technology,675.85,100.19,0.13
ORD-00043,2024-01-02,CUST-0005,Office Supplies,70.76,4.45,0.18
ORD-00044,2024-01-07,CUST-0007,Office Supplies,122.94,11.44,0.12
ORD-00045,2024-01-22,CUST-0118,Office Supplies,108.0,14.6,0.05
ORD-00046,2024-01-25,CUST-0046,Technology,437.69,71.0,0.11
ORD-00047,2024-01-28,CUST-0031,Furniture,198.81,-4.76,0.23
ORD-00048,2024-01-20,CUST-0109,Furniture,522.29,-3.14,0.19
ORD-00049,2024-01-08,CUST-0085,Office Supplies,119.29,12.67,0.1
ORD-00050,2024-01-26,CUST-0063,Office Supplies,81.4,8.22,0.11
ORD-00051,2024-01-14,CUST-0087,Office Supplies,130.29,13.63,0.1
ORD-00052,2024-01-24,CUST-0053,Technology,385.69,64.07,0.1
ORD-00053,2024-01-26,CUST-0090,Office Supplies,145.75,16.12,0.09
ORD-00054,2024-01-26,CUST-0083,Office Supplies,59.43,1.38,0.25
ORD-00055,2024-01-24,CUST-0046,Office Supplies,103.7,14.66,0.03
ORD-00056,2024-01-09,CUST-0074,Office Supplies,92.58,9.91,0.1
ORD-00057,2024-01-23,CUST-0037,Technology,147.29,19.19,0.16
ORD-00058,2024-02-28,CUST-0067,Technology,385.37,54.15,0.14
ORD-00059,2024-02-16,CUST-0045,Technology,504.35,68.11,0.15
ORD-00060,2024-02-27,CUST-0108,Technology,328.85,31.77,0.22
ORD-00061,2024-02-12,CUST-0013,Office Supplies,64.62,3.97,0.18
ORD-00062,2024-02-26,CUST-0107,Technology,485.77,87.35,0.07
ORD-00063,2024-02-08,CUST-0049,Office Supplies,65.4,7.58,0.08
ORD-00064,2024-02-07,CUST-0102,Technology,406.57,44.8,0.2
ORD-00065,2024-02-09,CUST-0083,Furniture,299.33,-19.43,0.3
ORD-00066,2024-02-25,CUST-0083,Office Supplies,66.12,2.89,0.21
ORD-00067,2024-02-21,CUST-0061,Technology,476.9,70.96,0.13
ORD-00068,2024-02-22,CUST-0071,Furniture,389.39,2.62,0.17
ORD-00069,2024-02-18,CUST-0004,Office Supplies,69.66,6.63,0.12
ORD-00070,2024-02-01,CUST-0010,Technology,317.7,27.11,0.24
ORD-00071,2024-02-09,CUST-0061,Technology,425.1,62.36,0.13
ORD-00072,2024-02-09,CUST-0110,Technology,878.14,108.96,0.17
ORD-00073,2024-02-20,CUST-0001,Technology,421.28,66.04,0.11
ORD-00074,2024-02-24,CUST-0095,Furniture,510.99,23.27,0.1
ORD-00075,2024-02-14,CUST-0092,Office Supplies,57.45,6.25,0.09
ORD-00076,2024-02-17,CUST-0096,Furniture,367.64,2.1,0.17
ORD-00077,2024-02-19,CUST-0035,Technology,393.45,60.05,0.12
ORD-00078,2024-02-02,CUST-0078,Technology,533.48,86.56,0.1
ORD-00079,2024-02-01,CUST-0093,Office Supplies,79.28,10.07,0.06
ORD-00080,2024-02-26,CUST-0007,Furniture,407.63,18.79,0.1
ORD-00081,2024-02-24,CUST-0108,Furniture,138.65,-9.16,0.3
ORD-00082,2024-02-24,CUST-0036,Office Supplies,112.32,14.61,0.05
ORD-00083,2024-02-12,CUST-0118,Office Supplies,114.28,9.51,0.14
ORD-00084,2024-02-22,CUST-0005,Furniture,453.81,9.91,0.14
ORD-00085,2024-02-20,CUST-0115,Office Supplies,138.07,15.69,0.08
ORD-00086,2024-02-28,CUST-0045,Technology,531.45,88.79,0.1
ORD-00087,2024-02-10,CUST-0014,Technology,501.77,60.71,0.18
ORD-00088,2024-02-22,CUST-0073,Furniture,491.64,13.77,0.13
ORD-00089,2024-02-13,CUST-0094,Furniture,189.51,-7.2,0.25
ORD-00090,2024-02-18,CUST-0028,Office Supplies,125.38,11.94,0.12
ORD-00091,2024-02-14,CUST-0020,Technology,307.85,37.74,0.18
ORD-00092,2024-02-13,CUST-0107,Office Supplies,148.19,21.63,0.03
ORD-00093,2024-02-06,CUST-0112,Office Supplies,75.65,10.88,0.03
ORD-00094,2024-02-10,CUST-0055,Furniture,420.91,10.54,0.14
ORD-00095,2024-02-27,CUST-0101,Furniture,279.5,-5.23,0.22
ORD-00096,2024-02-10,CUST-0117,Technology,455.12,72.17,0.11
ORD-00097,2024-02-26,CUST-0027,Technology,307.75,38.59,0.17
ORD-00098,2024-02-21,CUST-0083,Furniture,171.14,-2.66,0.21
ORD-00099,2024-02-15,CUST-0034,Technology,771.59,100.83,0.16
ORD-00100,2024-02-07,CUST-0075,Furniture,395.07,15.83,0.11
ORD-00101,2024-02-26,CUST-0021,Furniture,197.17,9.06,0.1
ORD-00102,2024-02-26,CUST-0103,Office Supplies,72.77,7.62,0.1
ORD-00103,2024-02-22,CUST-0061,Office Supplies,67.61,9.3,0.04
ORD-00104,2024-02-17,CUST-0068,Technology,699.91,97.63,0.15
ORD-00105,2024-02-20,CUST-0070,Office Supplies,97.66,10.98,0.09
ORD-00106,2024-02-27,CUST-0031,Technology,339.69,35.83,0.21
ORD-00107,2024-02-08,CUST-0088,Office Supplies,46.67,4.16,0.13
ORD-00108,2024-02-08,CUST-0021,Office Supplies,83.99,7.87,0.12
ORD-00109,2024-02-05,CUST-0092,Office Supplies,63.55,4.49,0.16
ORD-00110,2024-02-08,CUST-0054,Technology,619.32,101.97,0.1
ORD-00111,2024-02-20,CUST-0064,Office Supplies,107.72,14.2,0.05
ORD-00112,2024-02-03,CUST-0032,Office Supplies,111.72,8.9,0.15
ORD-00113,2024-03-21,CUST-0025,Furniture,397.4,20.75,0.09
ORD-00114,2024-03-23,CUST-0066,Furniture,387.76,-4.83,0.2
ORD-00115,2024-03-16,CUST-0011,Office Supplies,51.0,1.51,0.24
ORD-00116,2024-03-05,CUST-0071,Furniture,492.17,19.45,0.11
ORD-00117,2024-03-01,CUST-0001,Office Supplies,71.84,7.61,0.1
ORD-00118,2024-03-28,CUST-0032,Office Supplies,91.78,10.86,0.08
ORD-00119,2024-03-04,CUST-0100,Office Supplies,40.16,2.93,0.16
ORD-00120,2024-03-08,CUST-0028,Office Supplies,85.68,6.67,0.15
ORD-00121,2024-03-23,CUST-0047,Technology,522.22,68.63,0.16
ORD-00122,2024-03-02,CUST-0048,Furniture,475.08,13.28,0.13
ORD-00123,2024-03-28,CUST-0035,Furniture,359.94,11.11,0.13
ORD-00124,2024-03-05,CUST-0026,Technology,646.08,96.99,0.13
ORD-00125,2024-03-22,CUST-0033,Office Supplies,37.96,1.8,0.2
ORD-00126,2024-03-18,CUST-0047,Furniture,309.86,16.04,0.09
ORD-00127,2024-03-25,CUST-0076,Furniture,151.71,-3.75,0.23
ORD-00128,2024-03-20,CUST-0024,Office Supplies,130.93,12.99,0.11
ORD-00129,2024-03-17,CUST-0042,Office Supplies,80.25,7.07,0.13
ORD-00130,2024-03-18,CUST-0086,Furniture,265.88,-10.26,0.25
ORD-00131,2024-03-06,CUST-0056,Furniture,312.31,-7.07,0.22
ORD-00132,2024-03-16,CUST-0042,Office Supplies,53.8,4.76,0.13
ORD-00133,2024-03-25,CUST-0070,Furniture,383.01,2.21,0.17
ORD-00134,2024-03-21,CUST-0030,Technology,541.73,69.47,0.17
ORD-00135,2024-03-25,CUST-0115,Technology,507.62,64.54,0.17
ORD-00136,2024-03-21,CUST-0012,Furniture,617.69,-10.08,0.21
ORD-00137,2024-03-15,CUST-0005,Technology,682.2,92.38,0.15
ORD-00138,2024-03-10,CUST-0028,Technology,330.98,50.79,0.12
ORD-00139,2024-03-11,CUST-0067,Technology,158.67,20.13,0.17
ORD-00140,2024-03-18,CUST-0104,Technology,468.5,69.49,0.13
ORD-00141,2024-03-05,CUST-0078,Technology,428.91,52.11,0.18
ORD-00142,2024-03-23,CUST-0028,Technology,555.09,55.81,0.22
ORD-00143,2024-03-07,CUST-0015,Technology,226.56,23.86,0.21
ORD-00144,2024-03-14,CUST-0037,Technology,571.31,63.3,0.2
ORD-00145,2024-03-15,CUST-0014,Technology,543.51,78.79,0.14
ORD-00146,2024-03-07,CUST-0068,Furniture,519.41,3.12,0.17
ORD-00147,2024-03-13,CUST-0051,Office Supplies,90.05,8.21,0.13
ORD-00148,2024-03-19,CUST-0089,Office Supplies,102.41,13.16,0.06
ORD-00149,2024-03-01,CUST-0016,Office Supplies,41.56,2.53,0.18
ORD-00150,2024-03-25,CUST-0043,Office Supplies,88.01,8.15,0.12
ORD-00151,2024-03-16,CUST-0038,Furniture,377.43,10.27,0.13
ORD-00152,2024-03-12,CUST-0011,Technology,636.95,61.67,0.22
ORD-00153,2024-03-13,CUST-0089,Technology,547.58,66.95,0.18
ORD-00154,2024-03-27,CUST-0116,Office Supplies,84.36,9.96,0.08
ORD-00155,2024-03-24,CUST-0083,Furniture,317.75,0.26,0.18
ORD-00156,2024-03-26,CUST-0027,Office Supplies,87.85,9.51,0.09
ORD-00157,2024-03-08,CUST-0068,Furniture,360.54,15.91,0.1
ORD-00158,2024-03-09,CUST-0019,Furniture,387.65,-29.15,0.32
ORD-00159,2024-03-01,CUST-0052,Furniture,419.48,12.01,0.13
ORD-00160,2024-03-22,CUST-0018,Furniture,526.24,4.69,0.17
ORD-00161,2024-03-13,CUST-0077,Office Supplies,101.88,13.18,0.06
ORD-00162,2024-03-27,CUST-0058,Office Supplies,53.22,2.01,0.22
ORD-00163,2024-03-05,CUST-0113,Furniture,292.52,0.93,0.18
ORD-00164,2024-03-18,CUST-0117,Office Supplies,128.48,16.7,0.05
ORD-00165,2024-03-13,CUST-0039,Technology,351.67,28.43,0.25
ORD-00166,2024-03-22,CUST-0120,Furniture,257.61,4.82,0.15
ORD-00167,2024-03-21,CUST-0005,Technology,635.61,93.65,0.13
ORD-00168,2024-03-28,CUST-0020,Furniture,195.99,-8.08,0.26
ORD-00169,2024-03-02,CUST-0066,Furniture,443.88,17.65,0.11
ORD-00170,2024-03-11,CUST-0069,Technology,526.55,95.55,0.07
ORD-00171,2024-03-11,CUST-0113,Technology,470.12,77.56,0.1
ORD-00172,2024-03-13,CUST-0037,Technology,248.64,34.78,0.15
ORD-00173,2024-03-27,CUST-0015,Technology,323.26,36.09,0.2
ORD-00174,2024-03-27,CUST-0079,Furniture,292.3,7.07,0.14
ORD-00175,2024-03-01,CUST-0027,Technology,693.94,116.02,0.1
ORD-00176,2024-03-02,CUST-0119,Office Supplies,87.0,4.88,0.19
ORD-00177,2024-03-12,CUST-0014,Office Supplies,132.59,10.84,0.14
ORD-00178,2024-04-03,CUST-0030,Technology,602.02,110.1,0.07
ORD-00179,2024-04-21,CUST-0042,Office Supplies,102.83,11.71,0.08
ORD-00180,2024-04-01,CUST-0008,Technology,677.47,91.27,0.16
ORD-00181,2024-04-07,CUST-0008,Office Supplies,81.93,12.87,0.01
ORD-00182,2024-04-20,CUST-0053,Office Supplies,109.41,10.32,0.12
ORD-00183,2024-04-05,CUST-0116,Technology,415.58,68.13,0.1
ORD-00184,2024-04-04,CUST-0066,Furniture,463.61,18.4,0.11
ORD-00185,2024-04-07,CUST-0085,Furniture,623.23,28.53,0.1
ORD-00186,2024-04-09,CUST-0111,Furniture,153.57,-4.46,0.23
ORD-00187,2024-04-06,CUST-0043,Office Supplies,79.51,8.58,0.09
ORD-00188,2024-04-24,CUST-0117,Furniture,345.58,4.84,0.16
ORD-00189,2024-04-25,CUST-0084,Office Supplies,142.57,12.37,0.13
ORD-00190,2024-04-10,CUST-0075,Office Supplies,118.32,16.75,0.03
ORD-00191,2024-04-01,CUST-0112,Technology,458.92,69.63,0.12
ORD-00192,2024-04-19,CUST-0100,Office Supplies,55.63,3.05,0.19
ORD-00193,2024-04-13,CUST-0016,Office Supplies,75.53,5.35,0.16
ORD-00194,2024-04-23,CUST-0114,Furniture,424.72,8.94,0.14
ORD-00195,2024-04-19,CUST-0117,Technology,529.18,104.53,0.04
ORD-00196,2024-04-21,CUST-0049,Office Supplies,50.26,4.02,0.15
ORD-00197,2024-04-23,CUST-0021,Technology,664.37,117.91,0.08
ORD-00198,2024-04-28,CUST-0025,Office Supplies,70.1,5.14,0.16
ORD-00199,2024-04-26,CUST-0075,Office Supplies,83.28,8.12,0.11
ORD-00200,2024-04-19,CUST-0048,Technology,614.02,77.66,0.17
ORD-00201,2024-04-12,CUST-0076,Office Supplies,44.75,3.69,0.14
ORD-00202,2024-04-22,CUST-0114,Furniture,632.8,0.36,0.18
ORD-00203,2024-04-17,CUST-0064,Furniture,486.12,-10.24,0.22
ORD-00204,2024-04-01,CUST-0041,Furniture,330.02,8.9,0.13
ORD-00205,2024-04-27,CUST-0030,Office Supplies,102.29,9.47,0.12
ORD-00206,2024-04-14,CUST-0022,Furniture,436.11,3.02,0.17
ORD-00207,2024-04-21,CUST-0116,Office Supplies,141.91,20.99,0.02
ORD-00208,2024-04-15,CUST-0041,Office Supplies,98.32,9.21,0.12
ORD-00209,2024-04-14,CUST-0092,Office Supplies,53.2,3.64,0.17
ORD-00210,2024-04-17,CUST-0056,Technology,332.81,51.98,0.12
ORD-00211,2024-04-09,CUST-0061,Office Supplies,110.97,12.06,0.09
ORD-00212,2024-04-18,CUST-0078,Furniture,481.97,12.46,0.13
ORD-00213,2024-04-15,CUST-0109,Office Supplies,65.96,7.05,0.1
ORD-00214,2024-04-24,CUST-0087,Furniture,350.07,10.62,0.13
ORD-00215,2024-04-11,CUST-0099,Furniture,334.36,3.96,0.16
ORD-00216,2024-04-27,CUST-0012,Office Supplies,103.83,6.93,0.17
ORD-00217,2024-04-09,CUST-0061,Office Supplies,100.42,11.48,0.08
ORD-00218,2024-04-08,CUST-0006,Office Supplies,97.33,9.94,0.11
ORD-00219,2024-04-19,CUST-0029,Office Supplies,63.1,7.52,0.07
ORD-00220,2024-04-13,CUST-0057,Furniture,418.54,9.02,0.14
ORD-00221,2024-04-16,CUST-0073,Technology,843.86,137.75,0.1
ORD-00222,2024-04-06,CUST-0092,Office Supplies,46.01,4.89,0.1
ORD-00223,2024-04-12,CUST-0031,Furniture,363.1,-19.9,0.28
ORD-00224,2024-04-11,CUST-0083,Office Supplies,64.53,3.64,0.19
ORD-00225,2024-04-20,CUST-0023,Technology,638.33,97.16,0.12
ORD-00226,2024-04-09,CUST-0016,Office Supplies,56.97,4.59,0.14
ORD-00227,2024-04-17,CUST-0095,Furniture,564.03,5.5,0.16
ORD-00228,2024-04-03,CUST-0104,Office Supplies,71.11,7.6,0.1
ORD-00229,2024-04-14,CUST-0095,Technology,380.73,58.05,0.12
ORD-00230,2024-04-25,CUST-0041,Furniture,298.9,-2.68,0.2
ORD-00231,2024-04-16,CUST-0091,Technology,612.97,94.47,0.12
ORD-00232,2024-04-16,CUST-0002,Furniture,417.76,17.75,0.1
ORD-00233,2024-04-01,CUST-0020,Furniture,346.42,-10.58,0.24
ORD-00234,2024-04-08,CUST-0020,Technology,407.37,40.98,0.22
ORD-00235,2024-04-08,CUST-0030,Furniture,274.44,10.15,0.11
ORD-00236,2024-04-19,CUST-0048,Technology,652.19,95.59,0.13
ORD-00237,2024-04-18,CUST-0031,Furniture,315.48,-1.16,0.19
ORD-00238,2024-05-14,CUST-0040,Furniture,397.3,19.34,0.09
ORD-00239,2024-05-18,CUST-0033,Office Supplies,73.0,4.49,0.18
ORD-00240,2024-05-23,CUST-0104,Technology,558.63,82.42,0.13
ORD-00241,2024-05-10,CUST-0030,Furniture,599.61,29.72,0.09
ORD-00242,2024-05-04,CUST-0073,Technology,746.99,106.28,0.14
ORD-00243,2024-05-11,CUST-0097,Office Supplies,105.87,12.38,0.08
ORD-00244,2024-05-18,CUST-0016,Technology,49.29,6.63,0.16
ORD-00245,2024-05-23,CUST-0075,Office Supplies,99.55,10.9,0.09
ORD-00246,2024-05-07,CUST-0102,Technology,407.2,41.78,0.21
ORD-00247,2024-05-09,CUST-0060,Office Supplies,115.25,9.16,0.15
ORD-00248,2024-05-25,CUST-0010,Office Supplies,50.02,3.3,0.17
ORD-00249,2024-05-10,CUST-0042,Furniture,593.72,3.0,0.17
ORD-00250,2024-05-27,CUST-0069,Office Supplies,117.33,10.64,0.13
ORD-00251,2024-05-08,CUST-0025,Technology,579.33,94.6,0.1
ORD-00252,2024-05-10,CUST-0089,Furniture,303.9,-4.2,0.21
ORD-00253,2024-05-18,CUST-0013,Technology,460.26,53.55,0.19
ORD-00254,2024-05-02,CUST-0020,Technology,526.65,54.44,0.21
ORD-00255,2024-05-18,CUST-0034,Office Supplies,127.44,14.11,0.09
ORD-00256,2024-05-05,CUST-0042,Technology,305.79,49.42,0.11
ORD-00257,2024-05-25,CUST-0046,Furniture,458.67,1.33,0.18
ORD-00258,2024-05-28,CUST-0064,Furniture,575.88,14.54,0.14
ORD-00259,2024-05-10,CUST-0077,Technology,514.35,96.83,0.06
ORD-00260,2024-05-15,CUST-0038,Furniture,388.99,16.63,0.1
ORD-00261,2024-05-02,CUST-0094,Technology,209.37,21.01,0.22
ORD-00262,2024-05-28,CUST-0068,Technology,768.76,144.43,0.06
ORD-00263,2024-05-27,CUST-0012,Furniture,321.48,9.82,0.13
ORD-00264,2024-05-16,CUST-0074,Technology,596.44,90.49,0.12
ORD-00265,2024-05-21,CUST-0069,Technology,516.44,92.32,0.07
ORD-00266,2024-05-05,CUST-0089,Office Supplies,142.17,15.5,0.09
ORD-00267,2024-05-19,CUST-0079,Technology,614.86,75.92,0.18
ORD-00268,2024-05-03,CUST-0070,Office Supplies,52.48,5.08,0.11
ORD-00269,2024-05-04,CUST-0071,Office Supplies,172.25,20.8,0.07
ORD-00270,2024-05-14,CUST-0081,Furniture,472.92,0.78,0.18
ORD-00271,2024-05-26,CUST-0067,Furniture,153.33,-8.52,0.28
ORD-00272,2024-05-25,CUST-0084,Furniture,463.7,-7.9,0.21
ORD-00273,2024-05-15,CUST-0086,Furniture,23.36,-1.19,0.27
ORD-00274,2024-05-10,CUST-0106,Office Supplies,98.77,13.11,0.05
ORD-00275,2024-05-14,CUST-0015,Office Supplies,63.58,3.59,0.19
ORD-00276,2024-05-20,CUST-0043,Technology,712.61,86.3,0.18
ORD-00277,2024-05-24,CUST-0097,Technology,564.18,81.94,0.14
ORD-00278,2024-05-25,CUST-0048,Technology,345.71,66.09,0.05
ORD-00279,2024-05-07,CUST-0085,Technology,513.03,69.74,0.15
ORD-00280,2024-05-03,CUST-0106,Technology,593.83,87.16,0.13
ORD-00281,2024-05-06,CUST-0078,Technology,616.14,81.81,0.16
ORD-00282,2024-05-06,CUST-0043,Furniture,510.14,21.03,0.11
ORD-00283,2024-05-15,CUST-0065,Technology,247.05,24.21,0.22
ORD-00284,2024-05-16,CUST-0111,Office Supplies,77.16,7.35,0.12
ORD-00285,2024-05-08,CUST-0046,Technology,317.1,57.08,0.07
ORD-00286,2024-05-10,CUST-0052,Technology,495.13,87.99,0.08
ORD-00287,2024-05-15,CUST-0028,Office Supplies,98.64,12.0,0.07
ORD-00288,2024-05-08,CUST-0111,Technology,404.73,58.75,0.14
ORD-00289,2024-05-26,CUST-0066,Office Supplies,127.8,18.98,0.02
ORD-00290,2024-05-19,CUST-0074,Office Supplies,54.72,4.92,0.13
ORD-00291,2024-05-07,CUST-0120,Office Supplies,95.65,7.11,0.16
ORD-00292,2024-05-18,CUST-0077,Furniture,596.78,4.54,0.17
ORD-00293,2024-05-05,CUST-0020,Technology,414.79,55.1,0.16
ORD-00294,2024-05-27,CUST-0056,Office Supplies,98.36,8.62,0.13
ORD-00295,2024-06-02,CUST-0107,Technology,672.81,84.2,0.17
ORD-00296,2024-06-10,CUST-0120,Technology,582.54,100.03,0.09
ORD-00297,2024-06-27,CUST-0011,Furniture,299.15,-4.73,0.21
ORD-00298,2024-06-10,CUST-0036,Furniture,403.6,16.35,0.11
ORD-00299,2024-06-15,CUST-0090,Furniture,415.6,8.75,0.14
ORD-00300,2024-06-23,CUST-0093,Office Supplies,132.81,16.19,0.07
ORD-00301,2024-06-09,CUST-0009,Furniture,353.14,-2.54,0.19
ORD-00302,2024-06-16,CUST-0106,Furniture,380.11,-0.3,0.18
ORD-00303,2024-06-20,CUST-0071,Furniture,410.83,16.58,0.11
ORD-00304,2024-06-14,CUST-0054,Technology,618.46,82.88,0.16
ORD-00305,2024-06-20,CUST-0058,Office Supplies,59.32,6.15,0.1
ORD-00306,2024-06-03,CUST-0045,Technology,629.88,89.24,0.14
ORD-00307,2024-06-22,CUST-0064,Technology,745.81,108.7,0.14
ORD-00308,2024-06-19,CUST-0016,Office Supplies,111.12,9.08,0.14
ORD-00309,2024-06-01,CUST-0031,Furniture,260.98,-15.72,0.29
ORD-00310,2024-06-22,CUST-0025,Office Supplies,64.47,5.77,0.13
ORD-00311,2024-06-19,CUST-0036,Office Supplies,115.41,7.54,0.17
ORD-00312,2024-06-25,CUST-0105,Technology,598.37,99.46,0.1
ORD-00313,2024-06-17,CUST-0060,Technology,507.13,83.71,0.1
ORD-00314,2024-06-09,CUST-0048,Office Supplies,130.84,13.39,0.1
ORD-00315,2024-06-19,CUST-0021,Technology,577.56,103.63,0.07
ORD-00316,2024-06-27,CUST-0044,Furniture,129.85,-3.49,0.23
ORD-00317,2024-06-03,CUST-0117,Furniture,346.55,12.96,0.11
ORD-00318,2024-06-14,CUST-0015,Furniture,347.06,-17.24,0.27
ORD-00319,2024-06-22,CUST-0081,Technology,497.26,93.38,0.06
ORD-00320,2024-06-06,CUST-0091,Technology,293.23,42.16,0.14
ORD-00321,2024-06-23,CUST-0089,Technology,714.31,106.14,0.13
ORD-00322,2024-06-22,CUST-0046,Furniture,520.58,-4.89,0.2
ORD-00323,2024-06-27,CUST-0115,Office Supplies,127.38,13.99,0.09
ORD-00324,2024-06-02,CUST-0024,Office Supplies,109.25,13.59,0.06
ORD-00325,2024-06-11,CUST-0022,Furniture,571.48,21.66,0.11
ORD-00326,2024-06-04,CUST-0103,Technology,705.87,102.42,0.14
ORD-00327,2024-06-13,CUST-0063,Office Supplies,93.53,9.26,0.11
ORD-00328,2024-06-27,CUST-0114,Office Supplies,92.23,8.08,0.13
ORD-00329,2024-06-22,CUST-0085,Office Supplies,112.37,11.89,0.1
ORD-00330,2024-06-15,CUST-0015,Office Supplies,64.32,3.3,0.2
ORD-00331,2024-06-07,CUST-0006,Furniture,420.23,19.58,0.1
ORD-00332,2024-06-20,CUST-0066,Furniture,464.43,-16.07,0.24
ORD-00333,2024-06-21,CUST-0006,Office Supplies,65.71,6.77,0.1
ORD-00334,2024-06-02,CUST-0092,Furniture,411.92,-29.37,0.31
ORD-00335,2024-06-18,CUST-0011,Technology,78.32,9.25,0.19
ORD-00336,2024-06-10,CUST-0036,Technology,402.06,37.66,0.23
ORD-00337,2024-06-23,CUST-0116,Furniture,527.72,0.17,0.18
ORD-00338,2024-06-01,CUST-0014,Furniture,438.02,1.34,0.18
ORD-00339,2024-06-20,CUST-0092,Office Supplies,98.84,8.24,0.14
ORD-00340,2024-06-23,CUST-0019,Office Supplies,65.8,5.4,0.14
ORD-00341,2024-06-18,CUST-0082,Technology,547.26,82.91,0.12
ORD-00342,2024-06-14,CUST-0070,Technology,461.87,64.07,0.15
ORD-00343,2024-06-27,CUST-0032,Technology,367.78,58.23,0.11
ORD-00344,2024-06-15,CUST-0002,Office Supplies,85.45,7.71,0.13
ORD-00345,2024-06-21,CUST-0102,Office Supplies,82.69,3.81,0.21
ORD-00346,2024-06-16,CUST-0030,Office Supplies,85.75,9.81,0.08
ORD-00347,2024-06-10,CUST-0020,Office Supplies,65.14,8.39,0.06
ORD-00348,2024-06-09,CUST-0050,Furniture,208.02,-10.26,0.27
ORD-00349,2024-06-16,CUST-0100,Furniture,297.1,-4.1,0.21
ORD-00350,2024-06-08,CUST-0099,Office Supplies,62.61,7.27,0.08
ORD-00351,2024-06-05,CUST-0071,Furniture,363.38,4.76,0.16
ORD-00352,2024-06-20,CUST-0091,Furniture,239.05,4.47,0.15
ORD-00353,2024-06-05,CUST-0095,Furniture,447.75,-4.44,0.2
ORD-00354,2024-06-09,CUST-0113,Office Supplies,106.52,7.77,0.16
ORD-00355,2024-06-28,CUST-0076,Office Supplies,32.99,1.72,0.2
ORD-00356,2024-06-26,CUST-0047,Furniture,429.26,4.31,0.16
ORD-00357,2024-06-27,CUST-0076,Furniture,199.52,-7.14,0.25
ORD-00358,2024-06-24,CUST-0035,Technology,530.9,99.57,0.06
ORD-00359,2024-06-19,CUST-0030,Technology,590.31,80.81,0.15
ORD-00360,2024-06-22,CUST-0096,Furniture,387.13,12.89,0.12
ORD-00361,2024-06-05,CUST-0027,Furniture,444.45,1.74,0.17
ORD-00362,2024-06-16,CUST-0105,Furniture,378.43,19.43,0.09
ORD-00363,2024-06-18,CUST-0016,Technology,316.06,50.74,0.11
ORD-00364,2024-06-13,CUST-0098,Office Supplies,103.24,15.58,0.02
ORD-00365,2024-06-11,CUST-0056,Furniture,192.92,-7.0,0.25
ORD-00366,2024-06-23,CUST-0062,Office Supplies,84.43,7.65,0.13
ORD-00367,2024-06-13,CUST-0043,Technology,479.71,66.03,0.15
ORD-00368,2024-06-25,CUST-0069,Technology,557.25,92.37,0.1
ORD-00369,2024-06-11,CUST-0074,Furniture,610.92,6.71,0.16
ORD-00370,2024-07-23,CUST-0043,Office Supplies,100.23,11.02,0.09
ORD-00371,2024-07-13,CUST-0089,Office Supplies,112.99,10.22,0.13
ORD-00372,2024-07-22,CUST-0104,Furniture,536.45,15.13,0.13
ORD-00373,2024-07-21,CUST-0036,Office Supplies,82.18,7.28,0.13
ORD-00374,2024-07-16,CUST-0035,Office Supplies,103.04,9.79,0.12
ORD-00375,2024-07-05,CUST-0090,Office Supplies,77.12,3.27,0.21
ORD-00376,2024-07-19,CUST-0077,Furniture,455.4,2.02,0.17
ORD-00377,2024-07-04,CUST-0056,Technology,242.95,28.21,0.19
ORD-00378,2024-07-15,CUST-0087,Office Supplies,107.81,9.59,0.13
ORD-00379,2024-07-15,CUST-0054,Technology,484.95,67.46,0.15
ORD-00380,2024-07-05,CUST-0030,Technology,810.38,121.48,0.13
ORD-00381,2024-07-21,CUST-0043,Furniture,401.89,19.13,0.1
ORD-00382,2024-07-03,CUST-0116,Office Supplies,167.75,14.97,0.13
ORD-00383,2024-07-09,CUST-0084,Furniture,507.02,15.41,0.13
ORD-00384,2024-07-23,CUST-0011,Technology,15.0,1.46,0.22
ORD-00385,2024-07-03,CUST-0044,Furniture,432.04,0.31,0.18
ORD-00386,2024-07-28,CUST-0037,Office Supplies,15.0,1.15,0.15
ORD-00387,2024-07-18,CUST-0059,Office Supplies,76.07,5.63,0.16
ORD-00388,2024-07-11,CUST-0098,Furniture,613.8,-7.76,0.2
ORD-00389,2024-07-25,CUST-0083,Furniture,411.08,-25.6,0.3
ORD-00390,2024-07-18,CUST-0049,Furniture,286.71,3.02,0.16
ORD-00391,2024-07-03,CUST-0030,Technology,651.65,109.1,0.1
ORD-00392,2024-07-22,CUST-0106,Technology,579.07,78.0,0.16
ORD-00393,2024-07-08,CUST-0012,Office Supplies,80.94,10.28,0.06
ORD-00394,2024-07-14,CUST-0116,Office Supplies,73.6,4.91,0.17
ORD-00395,2024-07-25,CUST-0119,Office Supplies,42.57,1.67,0.22
ORD-00396,2024-07-28,CUST-0069,Furniture,425.54,19.85,0.1
ORD-00397,2024-07-06,CUST-0032,Technology,419.48,87.91,0.02
ORD-00398,2024-07-01,CUST-0081,Office Supplies,80.39,6.52,0.14
ORD-00399,2024-07-26,CUST-0104,Technology,514.63,90.42,0.08
ORD-00400,2024-07-12,CUST-0023,Technology,637.54,95.64,0.13
ORD-00401,2024-07-05,CUST-0037,Furniture,285.21,-1.54,0.19
ORD-00402,2024-07-14,CUST-0078,Technology,586.3,110.8,0.06
ORD-00403,2024-07-26,CUST-0083,Furniture,267.85,-2.91,0.2
ORD-00404,2024-07-06,CUST-0071,Technology,571.84,87.87,0.12
ORD-00405,2024-07-28,CUST-0033,Technology,458.0,40.25,0.24
ORD-00406,2024-07-22,CUST-0114,Furniture,429.21,2.63,0.17
ORD-00407,2024-07-19,CUST-0114,Technology,728.56,118.35,0.1
ORD-00408,2024-07-15,CUST-0031,Technology,393.52,43.9,0.2
ORD-00409,2024-07-15,CUST-0109,Furniture,422.81,5.32,0.16
ORD-00410,2024-07-01,CUST-0011,Technology,345.33,38.77,0.2
ORD-00411,2024-07-15,CUST-0107,Office Supplies,156.4,15.87,0.11
ORD-00412,2024-07-22,CUST-0076,Office Supplies,60.68,3.35,0.19
ORD-00413,2024-07-03,CUST-0005,Furniture,406.51,14.6,0.12
ORD-00414,2024-07-12,CUST-0084,Furniture,491.78,-0.99,0.19
ORD-00415,2024-07-10,CUST-0110,Office Supplies,129.76,9.72,0.15
ORD-00416,2024-08-14,CUST-0065,Furniture,238.24,-10.87,0.26
ORD-00417,2024-08-15,CUST-0088,Office Supplies,42.08,2.15,0.2
ORD-00418,2024-08-07,CUST-0102,Office Supplies,58.37,6.91,0.08
ORD-00419,2024-08-28,CUST-0022,Office Supplies,103.83,10.84,0.1
ORD-00420,2024-08-08,CUST-0019,Furniture,238.36,-12.21,0.27
ORD-00421,2024-08-12,CUST-0057,Furniture,318.58,1.64,0.17
ORD-00422,2024-08-23,CUST-0069,Furniture,530.48,-9.25,0.21
ORD-00423,2024-08-27,CUST-0108,Technology,442.95,66.13,0.13
ORD-00424,2024-08-09,CUST-0048,Office Supplies,90.63,9.12,0.11
ORD-00425,2024-08-28,CUST-0025,Technology,564.87,75.8,0.16
ORD-00426,2024-08-24,CUST-0002,Office Supplies,87.42,8.48,0.11
ORD-00427,2024-08-20,CUST-0089,Office Supplies,127.33,10.43,0.14
ORD-00428,2024-08-27,CUST-0113,Office Supplies,119.64,9.83,0.14
ORD-00429,2024-08-10,CUST-0018,Office Supplies,97.69,6.56,0.17
ORD-00430,2024-08-08,CUST-0032,Office Supplies,159.67,17.44,0.09
ORD-00431,2024-08-12,CUST-0107,Furniture,485.33,18.23,0.11
ORD-00432,2024-08-07,CUST-0095,Technology,675.48,123.12,0.07
ORD-00433,2024-08-22,CUST-0066,Furniture,408.11,3.68,0.17
ORD-00434,2024-08-25,CUST-0085,Office Supplies,110.94,13.64,0.07
ORD-00435,2024-08-27,CUST-0060,Office Supplies,89.43,5.62,0.18
ORD-00436,2024-08-04,CUST-0064,Technology,582.54,108.67,0.06
ORD-00437,2024-08-21,CUST-0001,Office Supplies,95.91,9.5,0.11
ORD-00438,2024-08-26,CUST-0004,Technology,268.84,25.43,0.23
ORD-00439,2024-08-19,CUST-0097,Furniture,432.45,19.75,0.1
ORD-00440,2024-08-05,CUST-0102,Furniture,382.56,-0.47,0.18
ORD-00441,2024-08-10,CUST-0071,Technology,409.22,65.19,0.11
ORD-00442,2024-08-14,CUST-0099,Technology,508.32,60.78,0.18
ORD-00443,2024-08-05,CUST-0098,Technology,619.81,77.49,0.17
ORD-00444,2024-08-12,CUST-0100,Office Supplies,79.12,6.81,0.13
ORD-00445,2024-08-09,CUST-0039,Furniture,173.43,-9.59,0.28
ORD-00446,2024-08-09,CUST-0077,Office Supplies,72.75,6.35,0.13
ORD-00447,2024-08-16,CUST-0083,Office Supplies,60.39,2.4,0.22
ORD-00448,2024-08-10,CUST-0050,Office Supplies,44.61,1.77,0.22
ORD-00449,2024-08-11,CUST-0031,Office Supplies,33.43,1.62,0.2
ORD-00450,2024-08-15,CUST-0020,Office Supplies,37.95,2.57,0.17
ORD-00451,2024-08-05,CUST-0059,Office Supplies,91.49,7.4,0.14
ORD-00452,2024-08-08,CUST-0110,Office Supplies,78.63,6.35,0.14
ORD-00453,2024-08-24,CUST-0079,Office Supplies,102.8,9.42,0.12
ORD-00454,2024-08-13,CUST-0022,Office Supplies,96.68,6.03,0.18
ORD-00455,2024-08-26,CUST-0030,Office Supplies,98.14,10.48,0.1
ORD-00456,2024-08-03,CUST-0023,Furniture,459.15,15.08,0.12
ORD-00457,2024-08-01,CUST-0075,Office Supplies,71.26,7.25,0.11
ORD-00458,2024-08-04,CUST-0031,Technology,416.4,46.13,0.2
ORD-00459,2024-08-22,CUST-0098,Furniture,611.72,8.93,0.16
ORD-00460,2024-08-09,CUST-0018,Office Supplies,74.72,4.88,0.17
ORD-00461,2024-08-27,CUST-0061,Furniture,568.75,10.19,0.15
ORD-00462,2024-08-12,CUST-0027,Furniture,432.92,9.45,0.14
ORD-00463,2024-08-08,CUST-0083,Technology,480.8,59.72,0.17
ORD-00464,2024-08-20,CUST-0050,Furniture,311.17,-7.25,0.22
ORD-00465,2024-08-18,CUST-0100,Office Supplies,81.39,4.85,0.18
ORD-00466,2024-08-20,CUST-0115,Technology,745.11,102.39,0.15
ORD-00467,2024-08-03,CUST-0075,Technology,652.95,110.99,0.09
ORD-00468,2024-09-15,CUST-0061,Furniture,488.11,21.65,0.1
ORD-00469,2024-09-10,CUST-0015,Office Supplies,70.35,3.35,0.2
ORD-00470,2024-09-04,CUST-0068,Furniture,548.73,10.19,0.15
ORD-00471,2024-09-02,CUST-0065,Technology,254.46,32.74,0.17
ORD-00472,2024-09-16,CUST-0096,Technology,544.86,77.39,0.14
ORD-00473,2024-09-08,CUST-0108,Technology,453.47,51.2,0.19
ORD-00474,2024-09-05,CUST-0109,Office Supplies,83.81,5.78,0.17
ORD-00475,2024-09-12,CUST-0035,Furniture,463.4,11.4,0.14
ORD-00476,2024-09-24,CUST-0031,Office Supplies,19.02,0.98,0.2
ORD-00477,2024-09-18,CUST-0107,Office Supplies,92.72,9.29,0.11
ORD-00478,2024-09-24,CUST-0033,Furniture,289.93,-4.49,0.21
ORD-00479,2024-09-14,CUST-0059,Office Supplies,90.47,8.33,0.12
ORD-00480,2024-09-27,CUST-0027,Office Supplies,131.06,16.84,0.06
ORD-00481,2024-09-14,CUST-0109,Furniture,523.34,15.25,0.13
ORD-00482,2024-09-09,CUST-0094,Office Supplies,69.32,4.8,0.16
ORD-00483,2024-09-12,CUST-0017,Technology,661.6,88.15,0.16
ORD-00484,2024-09-15,CUST-0072,Technology,630.01,98.96,0.11
ORD-00485,2024-09-28,CUST-0022,Office Supplies,60.01,6.48,0.09
ORD-00486,2024-09-22,CUST-0097,Furniture,585.09,29.52,0.09
ORD-00487,2024-09-21,CUST-0016,Furniture,228.99,-19.37,0.34
ORD-00488,2024-09-13,CUST-0054,Furniture,389.72,2.03,0.17
ORD-00489,2024-09-04,CUST-0029,Technology,607.09,110.04,0.07
ORD-00490,2024-09-27,CUST-0050,Office Supplies,46.49,3.37,0.16
ORD-00491,2024-09-22,CUST-0016,Furniture,215.92,-4.15,0.22
ORD-00492,2024-09-21,CUST-0048,Technology,673.51,129.6,0.05
ORD-00493,2024-09-01,CUST-0066,Furniture,458.45,19.72,0.1
ORD-00494,2024-09-11,CUST-0013,Technology,317.66,35.66,0.2
ORD-00495,2024-09-05,CUST-0069,Technology,709.04,94.7,0.16
ORD-00496,2024-09-07,CUST-0110,Office Supplies,128.71,13.12,0.11
ORD-00497,2024-09-25,CUST-0093,Technology,794.0,82.28,0.21
ORD-00498,2024-09-19,CUST-0113,Furniture,591.61,2.7,0.17
ORD-00499,2024-09-28,CUST-0059,Technology,470.33,67.34,0.14
ORD-00500,2024-09-25,CUST-0105,Technology,555.58,96.16,0.09
ORD-00501,2024-09-20,CUST-0029,Technology,705.71,95.26,0.15
ORD-00502,2024-09-28,CUST-0082,Technology,605.61,97.18,0.11
ORD-00503,2024-09-05,CUST-0082,Office Supplies,126.16,12.24,0.11
ORD-00504,2024-09-26,CUST-0017,Furniture,319.63,0.7,0.18
ORD-00505,2024-09-22,CUST-0014,Technology,747.42,102.0,0.15
ORD-00506,2024-09-05,CUST-0107,Office Supplies,100.98,9.79,0.11
ORD-00507,2024-09-26,CUST-0004,Technology,304.62,33.53,0.2
ORD-00508,2024-09-19,CUST-0086,Office Supplies,71.58,6.39,0.13
ORD-00509,2024-09-06,CUST-0116,Technology,549.67,90.64,0.1
ORD-00510,2024-09-05,CUST-0032,Technology,530.63,74.59,0.14
ORD-00511,2024-09-17,CUST-0012,Office Supplies,98.03,10.37,0.1
ORD-00512,2024-09-03,CUST-0118,Technology,604.37,94.09,0.12
ORD-00513,2024-09-25,CUST-0073,Furniture,432.47,2.17,0.17
ORD-00514,2024-09-19,CUST-0010,Furniture,217.35,-2.36,0.2
ORD-00515,2024-09-17,CUST-0003,Technology,536.11,80.29,0.13
ORD-00516,2024-09-20,CUST-0035,Technology,572.09,108.74,0.05
ORD-00517,2024-09-26,CUST-0056,Technology,378.19,46.98,0.17
ORD-00518,2024-09-22,CUST-0075,Office Supplies,112.62,10.96,0.11
ORD-00519,2024-09-15,CUST-0065,Furniture,347.99,-23.61,0.31
ORD-00520,2024-09-01,CUST-0045,Furniture,374.61,-5.58,0.21
ORD-00521,2024-09-16,CUST-0092,Technology,390.27,59.74,0.12
ORD-00522,2024-09-14,CUST-0102,Office Supplies,72.0,7.74,0.1
ORD-00523,2024-09-16,CUST-0080,Office Supplies,98.21,10.42,0.1
ORD-00524,2024-09-15,CUST-0057,Office Supplies,129.04,11.29,0.13
ORD-00525,2024-09-03,CUST-0101,Technology,347.64,36.57,0.21
ORD-00526,2024-10-05,CUST-0106,Technology,756.69,95.75,0.17
ORD-00527,2024-10-09,CUST-0118,Technology,602.92,92.7,0.12
ORD-00528,2024-10-19,CUST-0030,Furniture,536.77,31.44,0.08
ORD-00529,2024-10-11,CUST-0085,Furniture,371.7,-0.5,0.18
ORD-00530,2024-10-20,CUST-0092,Furniture,268.22,-5.64,0.22
ORD-00531,2024-10-15,CUST-0075,Furniture,604.76,4.04,0.17
ORD-00532,2024-10-14,CUST-0021,Furniture,382.55,5.49,0.16
ORD-00533,2024-10-23,CUST-0029,Technology,645.88,99.65,0.12
ORD-00534,2024-10-21,CUST-0016,Technology,438.94,52.93,0.18
ORD-00535,2024-10-25,CUST-0105,Office Supplies,100.43,10.81,0.1
ORD-00536,2024-10-28,CUST-0079,Furniture,456.71,23.94,0.09
ORD-00537,2024-10-15,CUST-0067,Technology,332.45,30.14,0.24
ORD-00538,2024-10-14,CUST-0091,Office Supplies,86.86,6.94,0.15
ORD-00539,2024-10-15,CUST-0055,Technology,777.33,124.35,0.11
ORD-00540,2024-10-24,CUST-0014,Furniture,408.15,23.0,0.08
ORD-00541,2024-10-14,CUST-0052,Technology,593.79,81.67,0.15
ORD-00542,2024-10-09,CUST-0080,Technology,706.39,121.05,0.09
ORD-00543,2024-10-05,CUST-0049,Furniture,232.21,-12.74,0.28
ORD-00544,2024-10-16,CUST-0070,Office Supplies,101.65,13.9,0.04
ORD-00545,2024-10-27,CUST-0111,Technology,194.24,28.79,0.13
ORD-00546,2024-10-14,CUST-0062,Technology,545.77,98.52,0.07
ORD-00547,2024-10-24,CUST-0073,Technology,615.82,106.05,0.09
ORD-00548,2024-10-05,CUST-0060,Furniture,396.95,9.52,0.14
ORD-00549,2024-10-19,CUST-0014,Furniture,597.1,4.87,0.17
ORD-00550,2024-10-18,CUST-0005,Office Supplies,130.15,10.88,0.14
ORD-00551,2024-10-04,CUST-0016,Technology,489.17,71.43,0.13
ORD-00552,2024-10-28,CUST-0009,Furniture,496.14,3.88,0.17
ORD-00553,2024-10-25,CUST-0090,Office Supplies,102.09,7.43,0.16
ORD-00554,2024-10-24,CUST-0086,Furniture,353.63,-13.05,0.25
ORD-00555,2024-10-10,CUST-0095,Technology,463.68,68.8,0.13
ORD-00556,2024-10-12,CUST-0013,Furniture,295.99,-9.26,0.24
ORD-00557,2024-10-17,CUST-0010,Technology,218.42,30.2,0.15
ORD-00558,2024-10-22,CUST-0073,Technology,616.49,65.89,0.21
ORD-00559,2024-10-28,CUST-0109,Furniture,390.46,17.28,0.1
ORD-00560,2024-10-28,CUST-0076,Technology,467.58,61.86,0.16
ORD-00561,2024-10-04,CUST-0013,Furniture,316.85,-12.07,0.25
ORD-00562,2024-10-19,CUST-0116,Office Supplies,108.17,10.96,0.11
ORD-00563,2024-10-14,CUST-0101,Technology,506.29,71.94,0.14
ORD-00564,2024-10-25,CUST-0046,Office Supplies,113.95,7.6,0.17
ORD-00565,2024-10-20,CUST-0069,Office Supplies,125.11,13.79,0.09
ORD-00566,2024-10-18,CUST-0102,Office Supplies,16.27,2.1,0.06
ORD-00567,2024-10-22,CUST-0086,Technology,443.26,60.01,0.15
ORD-00568,2024-10-09,CUST-0028,Office Supplies,65.74,3.4,0.2
ORD-00569,2024-10-09,CUST-0118,Technology,558.3,74.86,0.16
ORD-00570,2024-10-10,CUST-0097,Office Supplies,94.15,14.05,0.02
ORD-00571,2024-10-12,CUST-0095,Office Supplies,155.8,18.83,0.07
ORD-00572,2024-10-28,CUST-0084,Technology,524.1,86.21,0.1
ORD-00573,2024-10-22,CUST-0034,Technology,653.3,106.69,0.1
ORD-00574,2024-10-05,CUST-0065,Furniture,394.6,-21.21,0.28
ORD-00575,2024-10-01,CUST-0102,Office Supplies,56.27,3.97,0.16
ORD-00576,2024-10-17,CUST-0028,Technology,567.83,84.57,0.13
ORD-00577,2024-10-14,CUST-0107,Technology,675.56,108.49,0.11
ORD-00578,2024-10-06,CUST-0085,Furniture,462.57,14.83,0.12
ORD-00579,2024-10-24,CUST-0036,Furniture,254.44,5.35,0.14
ORD-00580,2024-10-19,CUST-0023,Technology,741.66,112.6,0.12
ORD-00581,2024-10-02,CUST-0072,Furniture,362.23,-5.6,0.21
ORD-00582,2024-10-25,CUST-0050,Technology,406.69,45.0,0.2
ORD-00583,2024-10-22,CUST-0090,Furniture,225.32,10.24,0.1
ORD-00584,2024-10-15,CUST-0080,Technology,647.79,89.38,0.15
ORD-00585,2024-10-16,CUST-0069,Office Supplies,144.51,17.81,0.07
ORD-00586,2024-10-14,CUST-0066,Furniture,529.03,2.0,0.17
ORD-00587,2024-10-25,CUST-0054,Technology,596.3,73.16,0.18
ORD-00588,2024-10-12,CUST-0037,Furniture,380.05,-13.45,0.25
ORD-00589,2024-10-10,CUST-0022,Furniture,567.33,9.48,0.15
ORD-00590,2024-10-19,CUST-0106,Office Supplies,120.64,12.88,0.1
ORD-00591,2024-10-22,CUST-0072,Furniture,301.57,-2.7,0.2
ORD-00592,2024-10-08,CUST-0089,Technology,699.68,108.6,0.12
ORD-00593,2024-11-20,CUST-0117,Furniture,494.63,-21.66,0.26
ORD-00594,2024-11-07,CUST-0086,Technology,378.5,44.4,0.19
ORD-00595,2024-11-07,CUST-0037,Technology,520.31,51.98,0.22
ORD-00596,2024-11-25,CUST-0062,Office Supplies,70.69,5.17,0.16
ORD-00597,2024-11-11,CUST-0102,Technology,472.87,65.17,0.15
ORD-00598,2024-11-16,CUST-0003,Technology,457.33,54.22,0.18
ORD-00599,2024-11-06,CUST-0078,Office Supplies,144.35,17.38,0.07
ORD-00600,2024-11-18,CUST-0013,Technology,306.01,38.07,0.17
ORD-00601,2024-11-17,CUST-0117,Office Supplies,82.17,9.04,0.09
ORD-00602,2024-11-22,CUST-0102,Furniture,252.79,-12.67,0.27
ORD-00603,2024-11-03,CUST-0016,Office Supplies,34.26,3.44,0.11
ORD-00604,2024-11-24,CUST-0049,Furniture,303.45,-2.22,0.2
ORD-00605,2024-11-01,CUST-0027,Technology,700.56,109.29,0.12
ORD-00606,2024-11-03,CUST-0099,Furniture,319.96,9.58,0.13
ORD-00607,2024-11-19,CUST-0026,Office Supplies,62.21,6.83,0.09
ORD-00608,2024-11-13,CUST-0049,Furniture,306.06,-6.39,0.22
ORD-00609,2024-11-14,CUST-0024,Office Supplies,116.4,13.87,0.07
ORD-00610,2024-11-13,CUST-0008,Technology,630.15,98.15,0.12
ORD-00611,2024-11-11,CUST-0009,Technology,623.94,135.17,0.01
ORD-00612,2024-11-20,CUST-0120,Technology,555.07,99.13,0.08
ORD-00613,2024-11-23,CUST-0072,Furniture,559.58,2.17,0.17
ORD-00614,2024-11-03,CUST-0069,Office Supplies,117.45,12.93,0.09
ORD-00615,2024-11-04,CUST-0109,Furniture,303.84,-3.61,0.2
ORD-00616,2024-11-19,CUST-0070,Technology,613.58,75.47,0.18
ORD-00617,2024-11-03,CUST-0116,Furniture,422.35,4.8,0.16
ORD-00618,2024-11-10,CUST-0106,Furniture,380.25,3.82,0.16
ORD-00619,2024-11-08,CUST-0029,Office Supplies,69.76,5.34,0.15
ORD-00620,2024-11-06,CUST-0012,Technology,705.94,100.76,0.14
ORD-00621,2024-11-21,CUST-0053,Technology,706.07,110.89,0.11
ORD-00622,2024-11-17,CUST-0070,Technology,728.71,116.37,0.11
ORD-00623,2024-11-25,CUST-0044,Technology,390.47,28.33,0.27
ORD-00624,2024-11-24,CUST-0112,Technology,766.18,119.07,0.12
ORD-00625,2024-11-21,CUST-0035,Office Supplies,103.1,11.68,0.08
ORD-00626,2024-11-08,CUST-0024,Office Supplies,98.41,13.67,0.04
ORD-00627,2024-11-09,CUST-0032,Technology,603.47,79.99,0.16
ORD-00628,2024-11-20,CUST-0117,Technology,885.95,119.03,0.16
ORD-00629,2024-11-25,CUST-0039,Technology,378.9,50.3,0.16
ORD-00630,2024-11-06,CUST-0021,Office Supplies,103.52,9.68,0.12
ORD-00631,2024-11-21,CUST-0010,Office Supplies,68.32,6.03,0.13
ORD-00632,2024-11-25,CUST-0014,Furniture,492.07,19.81,0.11
ORD-00633,2024-11-19,CUST-0116,Furniture,393.67,-3.3,0.2
ORD-00634,2024-11-19,CUST-0093,Furniture,523.53,-2.55,0.19
ORD-00635,2024-11-20,CUST-0072,Furniture,437.22,15.81,0.12
ORD-00636,2024-11-21,CUST-0101,Technology,493.99,50.01,0.22
ORD-00637,2024-11-15,CUST-0003,Technology,673.02,95.07,0.14
ORD-00638,2024-11-15,CUST-0097,Technology,756.52,122.71,0.11
ORD-00639,2024-11-26,CUST-0011,Furniture,256.88,-14.25,0.28
ORD-00640,2024-11-02,CUST-0016,Technology,668.34,58.12,0.24
ORD-00641,2024-11-03,CUST-0045,Furniture,490.11,-1.79,0.19
ORD-00642,2024-11-15,CUST-0043,Technology,719.05,82.81,0.19
ORD-00643,2024-11-12,CUST-0059,Technology,690.8,102.09,0.13
ORD-00644,2024-11-03,CUST-0005,Office Supplies,107.84,14.35,0.05
ORD-00645,2024-11-28,CUST-0105,Furniture,495.92,-2.94,0.19
ORD-00646,2024-11-20,CUST-0089,Technology,390.13,61.29,0.11
ORD-00647,2024-11-15,CUST-0112,Furniture,515.61,-2.16,0.19
ORD-00648,2024-11-26,CUST-0090,Furniture,660.93,22.14,0.12
ORD-00649,2024-11-02,CUST-0078,Office Supplies,77.12,4.86,0.18
ORD-00650,2024-11-26,CUST-0072,Furniture,355.15,-3.51,0.2
ORD-00651,2024-11-07,CUST-0104,Furniture,255.17,16.56,0.06
ORD-00652,2024-11-16,CUST-0100,Technology,410.11,36.55,0.24
ORD-00653,2024-11-02,CUST-0055,Furniture,580.53,26.1,0.1
ORD-00654,2024-11-26,CUST-0032,Furniture,386.92,-2.88,0.2
ORD-00655,2024-11-11,CUST-0032,Office Supplies,130.53,13.87,0.1
ORD-00656,2024-11-03,CUST-0097,Office Supplies,103.24,8.15,0.15
ORD-00657,2024-11-06,CUST-0079,Furniture,586.5,24.22,0.11
ORD-00658,2024-11-23,CUST-0035,Technology,596.36,110.11,0.06
ORD-00659,2024-11-15,CUST-0066,Furniture,312.62,-6.12,0.22
ORD-00660,2024-11-20,CUST-0051,Furniture,651.14,19.85,0.13
ORD-00661,2024-11-12,CUST-0072,Technology,738.04,124.55,0.09
ORD-00662,2024-11-13,CUST-0022,Office Supplies,127.46,10.02,0.15
ORD-00663,2024-11-11,CUST-0095,Furniture,407.3,-0.89,0.19
ORD-00664,2024-12-02,CUST-0069,Office Supplies,102.84,7.8,0.15
ORD-00665,2024-12-21,CUST-0012,Office Supplies,129.49,14.11,0.09
ORD-00666,2024-12-11,CUST-0087,Technology,787.22,140.54,0.08
ORD-00667,2024-12-22,CUST-0102,Technology,443.9,45.15,0.22
ORD-00668,2024-12-09,CUST-0101,Furniture,238.22,-1.74,0.2
ORD-00669,2024-12-22,CUST-0106,Office Supplies,133.29,12.58,0.12
ORD-00670,2024-12-20,CUST-0086,Office Supplies,52.78,4.33,0.14
ORD-00671,2024-12-11,CUST-0006,Office Supplies,76.63,8.81,0.08
ORD-00672,2024-12-22,CUST-0108,Technology,411.79,46.41,0.2
ORD-00673,2024-12-12,CUST-0120,Technology,706.05,118.32,0.1
ORD-00674,2024-12-21,CUST-0015,Technology,248.5,27.9,0.2
ORD-00675,2024-12-13,CUST-0050,Office Supplies,78.77,4.86,0.18
ORD-00676,2024-12-23,CUST-0098,Technology,787.82,128.93,0.1
ORD-00677,2024-12-10,CUST-0005,Office Supplies,102.68,10.53,0.1
ORD-00678,2024-12-21,CUST-0020,Furniture,83.14,-3.38,0.26
ORD-00679,2024-12-27,CUST-0076,Office Supplies,72.97,6.06,0.14
ORD-00680,2024-12-23,CUST-0042,Technology,420.14,47.95,0.19
ORD-00681,2024-12-24,CUST-0058,Office Supplies,26.66,1.0,0.22
ORD-00682,2024-12-17,CUST-0067,Office Supplies,97.34,8.23,0.14
ORD-00683,2024-12-22,CUST-0097,Technology,688.0,110.64,0.11
ORD-00684,2024-12-12,CUST-0040,Furniture,391.66,8.8,0.14
ORD-00685,2024-12-10,CUST-0116,Technology,710.01,95.65,0.16
ORD-00686,2024-12-07,CUST-0068,Technology,701.57,111.36,0.11
ORD-00687,2024-12-25,CUST-0082,Technology,684.81,105.42,0.12
ORD-00688,2024-12-08,CUST-0051,Furniture,495.51,12.12,0.14
ORD-00689,2024-12-05,CUST-0108,Office Supplies,36.9,2.41,0.17
ORD-00690,2024-12-28,CUST-0021,Technology,542.24,77.91,0.14
ORD-00691,2024-12-17,CUST-0115,Office Supplies,115.81,13.91,0.07
ORD-00692,2024-12-27,CUST-0085,Office Supplies,83.98,6.81,0.14
ORD-00693,2024-12-17,CUST-0021,Office Supplies,127.31,16.24,0.06
ORD-00694,2024-12-11,CUST-0042,Technology,504.2,78.17,0.12
ORD-00695,2024-12-20,CUST-0079,Office Supplies,122.04,11.75,0.12
ORD-00696,2024-12-13,CUST-0008,Technology,513.33,78.7,0.12
ORD-00697,2024-12-06,CUST-0091,Technology,793.57,130.44,0.1
ORD-00698,2024-12-25,CUST-0077,Office Supplies,101.83,9.92,0.11
ORD-00699,2024-12-06,CUST-0113,Furniture,615.1,15.84,0.14
ORD-00700,2024-12-02,CUST-0032,Office Supplies,91.29,7.64,0.14
ORD-00701,2024-12-22,CUST-0016,Furniture,69.2,-0.7,0.2
ORD-00702,2024-12-15,CUST-0096,Office Supplies,107.41,8.93,0.14
ORD-00703,2024-12-25,CUST-0042,Furniture,245.3,6.13,0.14
ORD-00704,2024-12-15,CUST-0078,Office Supplies,58.9,5.38,0.12
ORD-00705,2024-12-08,CUST-0017,Technology,809.81,121.62,0.13
ORD-00706,2024-12-26,CUST-0099,Technology,570.64,101.66,0.08
ORD-00707,2024-12-27,CUST-0007,Office Supplies,117.17,9.57,0.14
ORD-00708,2024-12-22,CUST-0087,Technology,799.98,114.18,0.14
ORD-00709,2024-12-15,CUST-0052,Office Supplies,111.0,13.3,0.07
ORD-00710,2024-12-10,CUST-0093,Furniture,458.35,-1.48,0.19
ORD-00711,2024-12-17,CUST-0010,Office Supplies,49.16,1.22,0.25
ORD-00712,2024-12-06,CUST-0076,Furniture,308.56,-12.83,0.26
ORD-00713,2024-12-26,CUST-0099,Office Supplies,123.17,11.71,0.12
ORD-00714,2024-12-28,CUST-0112,Furniture,314.72,7.57,0.14
ORD-00715,2024-12-21,CUST-0059,Technology,726.78,108.14,0.13
ORD-00716,2024-12-12,CUST-0008,Furniture,405.82,8.59,0.14
ORD-00717,2024-12-04,CUST-0070,Furniture,486.43,-5.53,0.2
ORD-00718,2024-12-17,CUST-0020,Office Supplies,75.35,4.05,0.19
ORD-00719,2024-12-10,CUST-0045,Office Supplies,134.42,11.4,0.14
ORD-00720,2024-12-06,CUST-0073,Technology,705.62,100.16,0.14
ORD-00721,2024-12-17,CUST-0008,Technology,585.87,64.99,0.2
ORD-00722,2024-12-14,CUST-0105,Technology,449.1,86.36,0.05
ORD-00723,2024-12-08,CUST-0068,Technology,572.49,67.16,0.19
ORD-00724,2024-12-12,CUST-0006,Office Supplies,66.27,8.94,0.05
ORD-00725,2024-12-14,CUST-0111,Office Supplies,73.73,4.76,0.17
ORD-00726,2024-12-17,CUST-0003,Technology,609.82,100.0,0.1
ORD-00727,2024-12-13,CUST-0039,Furniture,86.29,-5.97,0.31
ORD-00728,2024-12-12,CUST-0064,Office Supplies,120.08,13.18,0.09
ORD-00729,2024-12-11,CUST-0016,Technology,241.53,35.77,0.13
ORD-00730,2024-12-27,CUST-0013,Office Supplies,83.04,8.79,0.1
ORD-00731,2024-12-11,CUST-0084,Office Supplies,78.43,9.18,0.08
ORD-00732,2024-12-05,CUST-0074,Office Supplies,95.96,12.66,0.05
ORD-00733,2024-12-27,CUST-0090,Technology,574.09,80.05,0.15
ORD-00734,2024-12-27,CUST-0116,Furniture,664.5,18.12,0.13
ORD-00735,2024-12-23,CUST-0112,Technology,672.2,98.55,0.13
ORD-00736,2024-12-20,CUST-0120,Furniture,514.23,23.18,0.1
ORD-00737,2025-01-03,CUST-0042,Technology,694.36,108.91,0.11
ORD-00738,2025-01-07,CUST-0052,Technology,634.11,68.77,0.2
ORD-00739,2025-01-18,CUST-0084,Office Supplies,152.51,17.28,0.08
ORD-00740,2025-01-20,CUST-0030,Office Supplies,103.59,10.92,0.1
ORD-00741,2025-01-04,CUST-0112,Furniture,512.36,-8.26,0.21
ORD-00742,2025-01-08,CUST-0074,Office Supplies,118.68,12.28,0.1
ORD-00743,2025-01-02,CUST-0026,Technology,764.4,122.07,0.11
ORD-00744,2025-01-21,CUST-0035,Technology,837.6,111.4,0.16
ORD-00745,2025-01-15,CUST-0094,Office Supplies,88.14,4.58,0.2
ORD-00746,2025-01-27,CUST-0069,Technology,808.48,106.95,0.16
ORD-00747,2025-01-20,CUST-0054,Office Supplies,88.55,9.16,0.1
ORD-00748,2025-01-21,CUST-0094,Furniture,267.88,-13.04,0.27
ORD-00749,2025-01-08,CUST-0100,Furniture,269.81,-2.4,0.2
ORD-00750,2025-01-10,CUST-0010,Office Supplies,99.14,5.58,0.19
ORD-00751,2025-01-20,CUST-0059,Furniture,393.08,-4.21,0.2
ORD-00752,2025-01-19,CUST-0043,Furniture,276.35,10.4,0.11
ORD-00753,2025-01-22,CUST-0037,Furniture,269.59,-9.88,0.25
ORD-00754,2025-01-17,CUST-0006,Office Supplies,145.07,14.39,0.11
ORD-00755,2025-01-03,CUST-0110,Office Supplies,126.42,9.16,0.16
ORD-00756,2025-01-18,CUST-0035,Office Supplies,119.39,16.36,0.04
ORD-00757,2025-01-17,CUST-0086,Furniture,125.95,-5.15,0.26
ORD-00758,2025-01-13,CUST-0052,Furniture,582.85,0.44,0.18
ORD-00759,2025-01-02,CUST-0057,Office Supplies,151.0,13.42,0.13
ORD-00760,2025-01-12,CUST-0047,Furniture,631.06,2.82,0.17
ORD-00761,2025-01-01,CUST-0002,Technology,737.88,103.67,0.14
ORD-00762,2025-01-03,CUST-0100,Furniture,219.5,-10.97,0.27
ORD-00763,2025-01-24,CUST-0105,Technology,599.77,92.0,0.12
ORD-00764,2025-01-04,CUST-0069,Office Supplies,115.84,15.38,0.05
ORD-00765,2025-01-24,CUST-0021,Office Supplies,95.54,9.26,0.11
ORD-00766,2025-01-05,CUST-0051,Office Supplies,92.64,11.33,0.07
ORD-00767,2025-01-18,CUST-0060,Technology,613.64,82.27,0.16
ORD-00768,2025-01-21,CUST-0120,Technology,634.46,80.18,0.17
ORD-00769,2025-01-25,CUST-0102,Technology,369.87,52.77,0.14
ORD-00770,2025-01-23,CUST-0007,Office Supplies,99.12,8.85,0.13
ORD-00771,2025-01-06,CUST-0035,Furniture,542.86,23.27,0.1
ORD-00772,2025-01-03,CUST-0066,Office Supplies,117.84,11.6,0.11
ORD-00773,2025-01-15,CUST-0021,Office Supplies,111.05,11.97,0.09
ORD-00774,2025-01-07,CUST-0008,Technology,788.68,123.52,0.12
ORD-00775,2025-01-07,CUST-0094,Technology,421.24,51.33,0.18
ORD-00776,2025-01-11,CUST-0031,Office Supplies,85.0,6.93,0.14
ORD-00777,2025-01-17,CUST-0110,Office Supplies,122.95,17.6,0.03
ORD-00778,2025-01-27,CUST-0033,Furniture,286.97,-15.93,0.28
ORD-00779,2025-01-09,CUST-0103,Furniture,449.23,14.97,0.12
ORD-00780,2025-01-21,CUST-0029,Technology,803.84,131.13,0.1
ORD-00781,2025-01-12,CUST-0038,Technology,722.02,76.23,0.21
ORD-00782,2025-01-02,CUST-0043,Office Supplies,115.81,14.38,0.07
ORD-00783,2025-01-11,CUST-0062,Office Supplies,104.11,9.2,0.13
ORD-00784,2025-01-26,CUST-0119,Technology,647.52,69.56,0.2
ORD-00785,2025-01-13,CUST-0030,Furniture,302.51,6.91,0.14
ORD-00786,2025-01-13,CUST-0042,Office Supplies,80.44,9.28,0.08
ORD-00787,2025-01-06,CUST-0095,Technology,955.31,159.38,0.1
ORD-00788,2025-01-16,CUST-0091,Furniture,443.28,4.21,0.16
ORD-00789,2025-01-26,CUST-0068,Furniture,309.1,2.65,0.17
ORD-00790,2025-01-26,CUST-0032,Furniture,460.47,3.78,0.17
ORD-00791,2025-01-14,CUST-0076,Technology,346.03,53.23,0.12
ORD-00792,2025-01-20,CUST-0005,Technology,847.56,130.11,0.12
ORD-00793,2025-01-06,CUST-0100,Office Supplies,51.69,3.13,0.18
ORD-00794,2025-01-11,CUST-0023,Furniture,458.5,19.49,0.1
ORD-00795,2025-01-11,CUST-0053,Technology,1008.49,119.14,0.19
ORD-00796,2025-01-10,CUST-0071,Office Supplies,98.69,13.06,0.05
ORD-00797,2025-01-23,CUST-0086,Furniture,484.8,-9.02,0.22
ORD-00798,2025-01-23,CUST-0005,Furniture,419.71,24.42,0.08
ORD-00799,2025-01-15,CUST-0045,Furniture,540.5,12.24,0.14
ORD-00800,2025-01-28,CUST-0035,Technology,612.68,79.4,0.16
ORD-00801,2025-01-20,CUST-0018,Office Supplies,95.23,8.71,0.12
ORD-00802,2025-01-09,CUST-0070,Office Supplies,84.83,7.94,0.12
ORD-00803,2025-01-26,CUST-0014,Furniture,446.38,12.47,0.13
ORD-00804,2025-01-03,CUST-0087,Office Supplies,97.06,10.01,0.1
ORD-00805,2025-01-13,CUST-0089,Office Supplies,102.01,11.13,0.09
ORD-00806,2025-01-26,CUST-0022,Furniture,594.59,5.87,0.16
ORD-00807,2025-01-06,CUST-0111,Office Supplies,113.9,4.18,0.22
ORD-00808,2025-02-05,CUST-0036,Office Supplies,105.8,14.33,0.04
ORD-00809,2025-02-22,CUST-0055,Office Supplies,87.79,8.15,0.12
ORD-00810,2025-02-02,CUST-0066,Office Supplies,115.21,14.57,0.06
ORD-00811,2025-02-08,CUST-0021,Technology,788.22,111.3,0.14
ORD-00812,2025-02-12,CUST-0113,Office Supplies,82.56,7.56,0.12
ORD-00813,2025-02-19,CUST-0045,Furniture,424.98,8.94,0.14
ORD-00814,2025-02-05,CUST-0095,Technology,774.56,137.34,0.08
ORD-00815,2025-02-12,CUST-0090,Office Supplies,143.35,15.46,0.09
ORD-00816,2025-02-25,CUST-0011,Furniture,452.08,-9.16,0.22
ORD-00817,2025-02-05,CUST-0029,Technology,644.58,107.51,0.1
ORD-00818,2025-02-13,CUST-0075,Furniture,667.73,-8.03,0.2
ORD-00819,2025-02-09,CUST-0080,Technology,759.45,123.97,0.1
ORD-00820,2025-02-04,CUST-0029,Technology,879.62,144.22,0.1
ORD-00821,2025-02-06,CUST-0067,Technology,506.5,59.61,0.19
ORD-00822,2025-02-13,CUST-0027,Furniture,591.84,13.39,0.14
ORD-00823,2025-02-04,CUST-0112,Office Supplies,119.09,11.23,0.12
ORD-00824,2025-02-09,CUST-0106,Technology,598.54,85.66,0.14
ORD-00825,2025-02-07,CUST-0080,Office Supplies,150.12,16.11,0.1
ORD-00826,2025-02-10,CUST-0095,Office Supplies,69.48,5.94,0.14
ORD-00827,2025-02-16,CUST-0025,Office Supplies,131.57,21.05,0.0
ORD-00828,2025-02-05,CUST-0081,Technology,718.63,112.24,0.12
ORD-00829,2025-02-15,CUST-0023,Office Supplies,100.33,14.29,0.03
ORD-00830,2025-02-23,CUST-0001,Technology,690.31,106.14,0.12
ORD-00831,2025-02-03,CUST-0056,Furniture,269.72,-7.12,0.23
ORD-00832,2025-02-28,CUST-0005,Office Supplies,110.57,12.01,0.09
ORD-00833,2025-02-22,CUST-0096,Office Supplies,69.19,11.07,0.0
ORD-00834,2025-02-03,CUST-0070,Technology,651.54,86.59,0.16
ORD-00835,2025-02-10,CUST-0117,Furniture,367.75,-2.35,0.19
ORD-00836,2025-02-28,CUST-0103,Office Supplies,139.33,14.24,0.11
ORD-00837,2025-02-23,CUST-0109,Technology,540.29,94.28,0.08
ORD-00838,2025-02-21,CUST-0007,Office Supplies,119.78,12.46,0.1
ORD-00839,2025-02-12,CUST-0029,Technology,597.06,100.93,0.09
ORD-00840,2025-02-04,CUST-0045,Furniture,587.92,17.06,0.13
ORD-00841,2025-02-26,CUST-0065,Office Supplies,101.44,6.61,0.17
ORD-00842,2025-02-26,CUST-0029,Technology,596.52,73.15,0.18
ORD-00843,2025-02-12,CUST-0077,Furniture,467.12,1.57,0.18
ORD-00844,2025-02-12,CUST-0010,Furniture,202.3,-4.93,0.23
ORD-00845,2025-02-18,CUST-0012,Furniture,461.01,24.25,0.09
ORD-00846,2025-02-03,CUST-0017,Technology,778.81,123.25,0.11
ORD-00847,2025-02-13,CUST-0108,Technology,445.53,80.36,0.07
ORD-00848,2025-02-24,CUST-0103,Office Supplies,99.5,11.76,0.08
ORD-00849,2025-02-14,CUST-0070,Furniture,386.92,-1.54,0.19
ORD-00850,2025-02-27,CUST-0068,Office Supplies,121.27,13.02,0.1
ORD-00851,2025-02-05,CUST-0089,Furniture,503.9,23.25,0.1
ORD-00852,2025-02-21,CUST-0048,Office Supplies,99.3,8.31,0.14
ORD-00853,2025-02-15,CUST-0087,Technology,719.06,65.73,0.23
ORD-00854,2025-02-12,CUST-0105,Office Supplies,74.67,8.18,0.09
ORD-00855,2025-02-27,CUST-0114,Technology,673.08,125.12,0.06
ORD-00856,2025-02-21,CUST-0028,Office Supplies,76.34,7.78,0.11
ORD-00857,2025-02-25,CUST-0048,Furniture,556.28,5.31,0.16
ORD-00858,2025-02-14,CUST-0040,Office Supplies,86.17,11.47,0.05
ORD-00859,2025-02-28,CUST-0050,Furniture,342.6,-12.54,0.25
ORD-00860,2025-02-04,CUST-0052,Technology,519.86,84.84,0.1
ORD-00861,2025-02-10,CUST-0038,Furniture,459.25,-3.6,0.2
ORD-00862,2025-02-11,CUST-0106,Technology,834.93,125.78,0.13
ORD-00863,2025-02-08,CUST-0044,Office Supplies,88.2,5.14,0.19
ORD-00864,2025-02-17,CUST-0102,Technology,269.7,36.24,0.16
ORD-00865,2025-02-28,CUST-0028,Office Supplies,78.98,6.84,0.13
ORD-00866,2025-02-07,CUST-0052,Technology,748.36,103.22,0.15
ORD-00867,2025-02-18,CUST-0120,Furniture,213.53,4.91,0.14
ORD-00868,2025-02-21,CUST-0107,Technology,519.71,71.73,0.15
ORD-00869,2025-02-18,CUST-0056,Technology,403.19,38.74,0.23
ORD-00870,2025-02-21,CUST-0102,Technology,618.6,62.88,0.22
ORD-00871,2025-02-19,CUST-0005,Technology,863.5,174.31,0.03
ORD-00872,2025-02-22,CUST-0033,Technology,435.36,39.32,0.24
ORD-00873,2025-02-20,CUST-0094,Furniture,119.86,-1.82,0.21
ORD-00874,2025-02-19,CUST-0040,Technology,804.09,116.51,0.14
ORD-00875,2025-02-28,CUST-0088,Technology,471.62,40.19,0.25
ORD-00876,2025-02-02,CUST-0109,Technology,831.06,119.59,0.14
ORD-00877,2025-02-25,CUST-0035,Office Supplies,89.96,11.42,0.06
ORD-00878,2025-02-21,CUST-0077,Furniture,441.53,10.88,0.14
ORD-00879,2025-02-19,CUST-0049,Technology,316.8,38.83,0.18
ORD-00880,2025-02-21,CUST-0061,Furniture,329.74,5.34,0.15
ORD-00881,2025-02-21,CUST-0030,Technology,786.13,134.41,0.09
ORD-00882,2025-02-21,CUST-0016,Furniture,324.04,-0.42,0.18
ORD-00883,2025-02-16,CUST-0001,Office Supplies,72.83,6.03,0.14
ORD-00884,2025-02-26,CUST-0081,Technology,747.83,110.95,0.13
ORD-00885,2025-02-10,CUST-0116,Office Supplies,101.0,5.02,0.2
ORD-00886,2025-03-23,CUST-0005,Furniture,500.96,9.54,0.15
ORD-00887,2025-03-15,CUST-0010,Technology,541.43,60.2,0.2
ORD-00888,2025-03-15,CUST-0080,Furniture,489.62,13.23,0.13
ORD-00889,2025-03-20,CUST-0055,Technology,776.18,99.01,0.17
ORD-00890,2025-03-28,CUST-0018,Technology,788.79,121.47,0.12
ORD-00891,2025-03-24,CUST-0059,Office Supplies,93.97,8.83,0.12
ORD-00892,2025-03-12,CUST-0040,Office Supplies,110.79,12.76,0.08
ORD-00893,2025-03-05,CUST-0108,Office Supplies,28.11,1.11,0.22
ORD-00894,2025-03-17,CUST-0061,Office Supplies,117.47,15.47,0.05
ORD-00895,2025-03-11,CUST-0092,Furniture,366.53,-9.28,0.23
ORD-00896,2025-03-04,CUST-0049,Technology,267.11,37.87,0.14
ORD-00897,2025-03-08,CUST-0067,Technology,424.6,50.4,0.18
ORD-00898,2025-03-02,CUST-0065,Technology,316.05,29.31,0.23
ORD-00899,2025-03-13,CUST-0061,Technology,452.81,70.12,0.12
ORD-00900,2025-03-14,CUST-0052,Office Supplies,165.72,10.96,0.17
ORD-00901,2025-03-28,CUST-0072,Technology,924.47,161.93,0.08
ORD-00902,2025-03-27,CUST-0072,Office Supplies,112.63,11.47,0.11
ORD-00903,2025-03-19,CUST-0092,Technology,535.74,49.48,0.23
ORD-00904,2025-03-07,CUST-0037,Office Supplies,65.81,5.8,0.13
ORD-00905,2025-03-16,CUST-0083,Office Supplies,71.04,4.11,0.19
ORD-00906,2025-03-15,CUST-0108,Office Supplies,68.53,4.69,0.17
ORD-00907,2025-03-10,CUST-0026,Furniture,589.97,6.04,0.16
ORD-00908,2025-03-03,CUST-0045,Furniture,548.25,-2.28,0.19
ORD-00909,2025-03-17,CUST-0116,Office Supplies,146.89,20.36,0.04
ORD-00910,2025-03-08,CUST-0075,Furniture,409.51,1.62,0.17
ORD-00911,2025-03-12,CUST-0008,Technology,796.78,122.19,0.12
ORD-00912,2025-03-10,CUST-0053,Technology,652.92,97.21,0.13
ORD-00913,2025-03-27,CUST-0084,Furniture,446.59,7.59,0.15
ORD-00914,2025-03-16,CUST-0047,Office Supplies,96.29,10.24,0.1
ORD-00915,2025-03-01,CUST-0030,Technology,839.03,119.82,0.14
ORD-00916,2025-03-14,CUST-0032,Office Supplies,64.12,6.92,0.09
ORD-00917,2025-03-09,CUST-0089,Technology,854.55,129.42,0.12
ORD-00918,2025-03-25,CUST-0007,Office Supplies,126.03,12.29,0.11
ORD-00919,2025-03-02,CUST-0100,Furniture,236.81,-13.32,0.28
ORD-00920,2025-03-19,CUST-0014,Furniture,560.87,16.78,0.13
ORD-00921,2025-03-12,CUST-0084,Furniture,410.76,11.7,0.13
ORD-00922,2025-03-03,CUST-0106,Furniture,554.0,12.07,0.14
ORD-00923,2025-03-15,CUST-0083,Furniture,236.35,-17.47,0.32
ORD-00924,2025-03-09,CUST-0102,Office Supplies,84.59,3.3,0.22
ORD-00925,2025-03-20,CUST-0015,Office Supplies,73.84,7.86,0.1
ORD-00926,2025-03-04,CUST-0016,Office Supplies,72.5,7.04,0.11
ORD-00927,2025-03-04,CUST-0074,Technology,655.11,78.56,0.18
ORD-00928,2025-03-26,CUST-0090,Furniture,371.66,22.65,0.07
ORD-00929,2025-03-18,CUST-0088,Office Supplies,48.4,3.34,0.17
ORD-00930,2025-03-25,CUST-0064,Office Supplies,117.47,15.22,0.06
ORD-00931,2025-03-20,CUST-0101,Technology,474.8,68.18,0.14
ORD-00932,2025-03-17,CUST-0074,Furniture,316.57,10.41,0.12
ORD-00933,2025-03-02,CUST-0082,Technology,686.57,136.32,0.04
ORD-00934,2025-03-11,CUST-0042,Technology,622.97,88.98,0.14
ORD-00935,2025-03-17,CUST-0110,Office Supplies,136.55,18.35,0.05
ORD-00936,2025-03-20,CUST-0046,Furniture,520.38,-10.69,0.22
ORD-00937,2025-03-05,CUST-0101,Office Supplies,33.66,2.29,0.17
ORD-00938,2025-03-20,CUST-0069,Technology,871.89,136.08,0.12
ORD-00939,2025-03-13,CUST-0083,Technology,283.24,22.19,0.26
ORD-00940,2025-03-24,CUST-0021,Office Supplies,111.61,12.14,0.09
ORD-00941,2025-03-19,CUST-0118,Office Supplies,110.42,13.24,0.07
ORD-00942,2025-03-27,CUST-0084,Technology,724.1,89.18,0.18
ORD-00943,2025-03-16,CUST-0117,Furniture,433.02,-3.22,0.2
ORD-00944,2025-03-10,CUST-0044,Office Supplies,94.66,10.91,0.08
ORD-00945,2025-03-01,CUST-0069,Furniture,551.85,20.28,0.12
ORD-00946,2025-03-22,CUST-0042,Furniture,443.8,3.67,0.17
ORD-00947,2025-03-14,CUST-0064,Technology,783.27,150.82,0.05
ORD-00948,2025-03-26,CUST-0090,Furniture,528.48,22.69,0.1
ORD-00949,2025-03-28,CUST-0055,Office Supplies,114.02,15.55,0.04
ORD-00950,2025-03-01,CUST-0003,Office Supplies,118.93,11.15,0.12
ORD-00951,2025-03-09,CUST-0037,Furniture,321.89,-14.6,0.26
ORD-00952,2025-03-26,CUST-0044,Office Supplies,57.64,0.75,0.27
ORD-00953,2025-03-19,CUST-0097,Office Supplies,99.79,9.57,0.12
ORD-00954,2025-03-24,CUST-0105,Furniture,345.93,7.89,0.14
ORD-00955,2025-03-16,CUST-0112,Technology,778.12,134.27,0.09
ORD-00956,2025-03-21,CUST-0033,Technology,686.55,79.05,0.19
ORD-00957,2025-03-25,CUST-0083,Office Supplies,62.28,6.66,0.1
ORD-00958,2025-03-05,CUST-0060,Office Supplies,125.3,16.7,0.05
ORD-00959,2025-03-08,CUST-0079,Office Supplies,107.07,12.75,0.07
ORD-00960,2025-03-23,CUST-0104,Technology,720.92,97.36,0.15
ORD-00961,2025-03-01,CUST-0068,Technology,825.71,142.63,0.09
ORD-00962,2025-03-14,CUST-0070,Furniture,454.48,-2.63,0.19
ORD-00963,2025-03-23,CUST-0110,Technology,704.21,93.72,0.16
ORD-00964,2025-03-17,CUST-0057,Technology,625.1,70.16,0.2
ORD-00965,2025-03-16,CUST-0087,Office Supplies,54.43,6.11,0.09
ORD-00966,2025-03-24,CUST-0115,Office Supplies,75.28,8.19,0.09
ORD-00967,2025-03-23,CUST-0011,Office Supplies,52.36,3.23,0.18
ORD-00968,2025-03-07,CUST-0076,Technology,553.04,63.45,0.19
ORD-00969,2025-03-22,CUST-0032,Furniture,488.18,14.86,0.13
ORD-00970,2025-03-13,CUST-0107,Furniture,557.9,2.85,0.17
ORD-00971,2025-03-06,CUST-0053,Technology,639.78,107.18,0.1
ORD-00972,2025-03-18,CUST-0050,Furniture,291.34,-7.1,0.23
ORD-00973,2025-03-12,CUST-0001,Technology,691.84,99.33,0.14
ORD-00974,2025-03-28,CUST-0062,Office Supplies,88.17,10.5,0.07
ORD-00975,2025-04-21,CUST-0053,Office Supplies,129.46,11.92,0.12
ORD-00976,2025-04-09,CUST-0099,Office Supplies,108.58,9.23,0.14
ORD-00977,2025-04-07,CUST-0060,Furniture,413.13,0.53,0.18
ORD-00978,2025-04-09,CUST-0112,Office Supplies,117.33,8.93,0.15
ORD-00979,2025-04-08,CUST-0049,Furniture,145.41,-8.02,0.28
ORD-00980,2025-04-10,CUST-0052,Office Supplies,79.87,8.13,0.11
ORD-00981,2025-04-23,CUST-0038,Office Supplies,71.72,8.3,0.08
ORD-00982,2025-04-23,CUST-0025,Technology,647.34,95.25,0.13
ORD-00983,2025-04-16,CUST-0096,Furniture,461.35,13.17,0.13
ORD-00984,2025-04-26,CUST-0014,Technology,717.85,107.29,0.13
ORD-00985,2025-04-10,CUST-0056,Office Supplies,63.28,5.44,0.13
ORD-00986,2025-04-22,CUST-0009,Technology,888.31,124.44,0.15
ORD-00987,2025-04-13,CUST-0119,Furniture,234.97,-8.19,0.25
ORD-00988,2025-04-25,CUST-0026,Office Supplies,147.93,17.56,0.08
ORD-00989,2025-04-10,CUST-0031,Office Supplies,47.61,2.77,0.19
ORD-00990,2025-04-23,CUST-0104,Technology,705.97,130.77,0.06
ORD-00991,2025-04-15,CUST-0029,Technology,995.94,138.63,0.15
ORD-00992,2025-04-24,CUST-0052,Office Supplies,97.68,14.23,0.03
ORD-00993,2025-04-07,CUST-0036,Furniture,605.34,19.36,0.12
ORD-00994,2025-04-09,CUST-0079,Office Supplies,113.84,13.13,0.08
ORD-00995,2025-04-23,CUST-0025,Office Supplies,115.9,15.59,0.05
ORD-00996,2025-04-04,CUST-0034,Technology,684.14,94.08,0.15
ORD-00997,2025-04-19,CUST-0058,Furniture,364.87,-9.81,0.23
ORD-00998,2025-04-02,CUST-0071,Technology,764.45,128.48,0.09
ORD-00999,2025-04-17,CUST-0007,Office Supplies,110.82,8.08,0.16
ORD-01000,2025-04-08,CUST-0011,Technology,500.79,55.48,0.2
ORD-01001,2025-04-14,CUST-0110,Technology,811.67,117.66,0.14
ORD-01002,2025-04-16,CUST-0103,Technology,643.85,131.77,0.03
ORD-01003,2025-04-25,CUST-0096,Technology,768.34,84.24,0.2
ORD-01004,2025-04-18,CUST-0074,Technology,630.99,96.04,0.12
ORD-01005,2025-04-06,CUST-0089,Office Supplies,111.73,10.76,0.12
ORD-01006,2025-04-16,CUST-0087,Furniture,409.34,13.74,0.12
ORD-01007,2025-04-07,CUST-0013,Furniture,215.15,-5.37,0.23
ORD-01008,2025-04-10,CUST-0039,Office Supplies,75.15,4.54,0.18
ORD-01009,2025-04-21,CUST-0009,Technology,911.21,140.29,0.12
ORD-01010,2025-04-25,CUST-0110,Technology,752.51,97.89,0.16
ORD-01011,2025-04-19,CUST-0075,Technology,1080.91,215.72,0.04
ORD-01012,2025-04-24,CUST-0043,Technology,842.24,105.3,0.17
ORD-01013,2025-04-02,CUST-0095,Office Supplies,145.78,13.63,0.12
ORD-01014,2025-04-06,CUST-0068,Office Supplies,111.7,11.0,0.11
ORD-01015,2025-04-27,CUST-0034,Furniture,615.65,20.41,0.12
ORD-01016,2025-04-02,CUST-0112,Technology,770.65,119.96,0.12
ORD-01017,2025-04-13,CUST-0063,Office Supplies,123.88,13.43,0.09
ORD-01018,2025-04-06,CUST-0022,Office Supplies,133.7,12.37,0.12
ORD-01019,2025-04-28,CUST-0074,Office Supplies,134.32,14.23,0.1
ORD-01020,2025-04-02,CUST-0016,Office Supplies,44.74,3.71,0.14
ORD-01021,2025-04-19,CUST-0082,Technology,895.23,110.1,0.18
ORD-01022,2025-04-11,CUST-0060,Furniture,476.3,6.73,0.16
ORD-01023,2025-04-21,CUST-0089,Technology,738.26,89.75,0.18
ORD-01024,2025-04-16,CUST-0115,Furniture,556.12,0.66,0.18
ORD-01025,2025-04-05,CUST-0088,Office Supplies,74.06,2.17,0.24
ORD-01026,2025-04-15,CUST-0092,Office Supplies,57.07,3.07,0.19
ORD-01027,2025-04-26,CUST-0067,Technology,430.6,45.67,0.21
ORD-01028,2025-04-06,CUST-0084,Technology,886.66,178.72,0.03
ORD-01029,2025-04-21,CUST-0008,Office Supplies,114.92,14.75,0.06
ORD-01030,2025-04-06,CUST-0119,Technology,479.82,33.09,0.27
ORD-01031,2025-04-11,CUST-0016,Technology,551.33,78.55,0.14
ORD-01032,2025-04-19,CUST-0069,Office Supplies,118.87,14.26,0.07
ORD-01033,2025-04-07,CUST-0072,Office Supplies,135.49,14.96,0.09
ORD-01034,2025-04-28,CUST-0036,Technology,638.31,108.0,0.09
ORD-01035,2025-04-13,CUST-0088,Furniture,347.07,-16.15,0.27
ORD-01036,2025-04-17,CUST-0027,Office Supplies,64.58,6.38,0.11
ORD-01037,2025-04-13,CUST-0026,Technology,811.36,117.34,0.14
ORD-01038,2025-04-06,CUST-0109,Office Supplies,105.12,11.55,0.09
ORD-01039,2025-04-16,CUST-0016,Office Supplies,42.12,3.74,0.13
ORD-01040,2025-04-08,CUST-0032,Technology,913.45,122.39,0.16
ORD-01041,2025-04-13,CUST-0086,Technology,373.72,29.82,0.25
ORD-01042,2025-04-25,CUST-0030,Technology,890.12,102.88,0.19
ORD-01043,2025-04-11,CUST-0030,Technology,873.23,144.15,0.1
ORD-01044,2025-04-24,CUST-0002,Technology,978.01,148.23,0.12
ORD-01045,2025-04-09,CUST-0022,Furniture,387.7,-11.64,0.24
ORD-01046,2025-04-23,CUST-0095,Office Supplies,96.86,14.66,0.02
ORD-01047,2025-04-22,CUST-0035,Technology,554.15,92.22,0.1
ORD-01048,2025-04-10,CUST-0028,Technology,532.29,70.3,0.16
ORD-01049,2025-04-22,CUST-0102,Technology,335.32,40.49,0.18
ORD-01050,2025-04-23,CUST-0004,Furniture,344.42,-8.91,0.23
ORD-01051,2025-04-23,CUST-0030,Office Supplies,117.57,9.59,0.14
ORD-01052,2025-04-10,CUST-0051,Technology,756.91,117.14,0.12
ORD-01053,2025-04-08,CUST-0094,Furniture,239.91,-9.44,0.25
ORD-01054,2025-04-05,CUST-0002,Technology,709.6,109.49,0.12
ORD-01055,2025-04-15,CUST-0113,Furniture,463.14,-0.64,0.18
ORD-01056,2025-04-20,CUST-0062,Office Supplies,111.0,3.37,0.24
ORD-01057,2025-05-23,CUST-0053,Furniture,362.12,5.23,0.16
ORD-01058,2025-05-16,CUST-0088,Furniture,247.82,-15.02,0.29
ORD-01059,2025-05-26,CUST-0097,Office Supplies,146.99,19.03,0.06
ORD-01060,2025-05-07,CUST-0002,Office Supplies,96.65,9.96,0.1
ORD-01061,2025-05-22,CUST-0105,Office Supplies,110.28,7.42,0.17
ORD-01062,2025-05-28,CUST-0089,Office Supplies,120.01,10.23,0.14
ORD-01063,2025-05-17,CUST-0087,Office Supplies,106.08,14.14,0.05
ORD-01064,2025-05-23,CUST-0056,Furniture,326.78,-5.49,0.21
ORD-01065,2025-05-19,CUST-0052,Furniture,316.19,7.53,0.14
ORD-01066,2025-05-27,CUST-0004,Technology,517.03,60.02,0.19
ORD-01067,2025-05-17,CUST-0043,Furniture,467.04,8.76,0.15
ORD-01068,2025-05-18,CUST-0099,Technology,746.26,138.71,0.06
ORD-01069,2025-05-11,CUST-0090,Technology,792.86,126.08,0.11
ORD-01070,2025-05-15,CUST-0012,Office Supplies,112.79,16.09,0.03
ORD-01071,2025-05-07,CUST-0012,Technology,772.95,122.78,0.11
ORD-01072,2025-05-16,CUST-0002,Office Supplies,81.43,10.64,0.05
ORD-01073,2025-05-17,CUST-0014,Technology,737.0,152.4,0.02
ORD-01074,2025-05-02,CUST-0018,Furniture,553.22,7.56,0.16
ORD-01075,2025-05-17,CUST-0033,Furniture,196.0,-3.85,0.22
ORD-01076,2025-05-19,CUST-0013,Furniture,281.08,-4.0,0.21
ORD-01077,2025-05-15,CUST-0120,Technology,604.07,101.8,0.09
ORD-01078,2025-05-10,CUST-0115,Office Supplies,117.38,10.03,0.14
ORD-01079,2025-05-13,CUST-0054,Office Supplies,117.53,11.03,0.12
ORD-01080,2025-05-01,CUST-0063,Technology,805.36,134.1,0.1
ORD-01081,2025-05-19,CUST-0013,Office Supplies,66.87,4.24,0.18
ORD-01082,2025-05-14,CUST-0065,Technology,588.57,64.88,0.2
ORD-01083,2025-05-03,CUST-0023,Technology,634.19,97.63,0.12
ORD-01084,2025-05-02,CUST-0055,Furniture,294.11,9.89,0.12
ORD-01085,2025-05-03,CUST-0099,Office Supplies,121.92,17.81,0.03
ORD-01086,2025-05-16,CUST-0096,Office Supplies,117.64,13.91,0.08
ORD-01087,2025-05-14,CUST-0092,Technology,631.1,98.34,0.12
ORD-01088,2025-05-05,CUST-0114,Technology,615.0,90.07,0.13
ORD-01089,2025-05-24,CUST-0033,Office Supplies,82.97,6.16,0.16
ORD-01090,2025-05-14,CUST-0051,Furniture,404.47,6.82,0.15
ORD-01091,2025-05-13,CUST-0018,Furniture,472.51,11.76,0.14
ORD-01092,2025-05-13,CUST-0021,Furniture,505.15,-3.18,0.19
ORD-01093,2025-05-22,CUST-0033,Furniture,253.96,-8.05,0.24
ORD-01094,2025-05-28,CUST-0113,Office Supplies,134.12,10.25,0.15
ORD-01095,2025-05-21,CUST-0045,Furniture,576.25,17.56,0.13
ORD-01096,2025-05-04,CUST-0015,Office Supplies,68.22,3.41,0.2
ORD-01097,2025-05-18,CUST-0044,Technology,488.36,50.62,0.21
ORD-01098,2025-05-05,CUST-0052,Furniture,489.4,-3.77,0.2
ORD-01099,2025-05-08,CUST-0098,Office Supplies,78.21,8.69,0.09
ORD-01100,2025-05-25,CUST-0098,Office Supplies,114.45,10.87,0.12
ORD-01101,2025-05-10,CUST-0095,Technology,831.47,137.4,0.1
ORD-01102,2025-05-24,CUST-0072,Furniture,596.39,3.72,0.17
ORD-01103,2025-05-18,CUST-0055,Furniture,658.36,20.33,0.13
ORD-01104,2025-05-08,CUST-0049,Furniture,15.0,-0.83,0.28
ORD-01105,2025-05-12,CUST-0086,Technology,540.9,75.06,0.15
ORD-01106,2025-05-07,CUST-0107,Technology,614.3,105.47,0.09
ORD-01107,2025-05-24,CUST-0089,Office Supplies,119.63,12.73,0.1
ORD-01108,2025-05-02,CUST-0120,Office Supplies,114.58,14.15,0.07
ORD-01109,2025-05-14,CUST-0098,Office Supplies,104.1,9.29,0.13
ORD-01110,2025-05-01,CUST-0016,Furniture,431.72,-8.55,0.22
ORD-01111,2025-05-03,CUST-0098,Technology,540.23,57.63,0.21
ORD-01112,2025-05-02,CUST-0102,Technology,555.05,69.26,0.17
ORD-01113,2025-05-22,CUST-0063,Furniture,483.92,17.56,0.12
ORD-01114,2025-05-02,CUST-0106,Office Supplies,111.05,14.53,0.05
ORD-01115,2025-05-02,CUST-0021,Technology,428.14,82.66,0.05
ORD-01116,2025-05-08,CUST-0097,Furniture,331.0,9.05,0.13
ORD-01117,2025-05-25,CUST-0086,Furniture,288.13,-10.94,0.25
ORD-01118,2025-05-02,CUST-0032,Office Supplies,97.94,10.34,0.1
ORD-01119,2025-05-10,CUST-0002,Technology,765.08,117.11,0.12
ORD-01120,2025-05-24,CUST-0067,Technology,511.65,54.41,0.21
ORD-01121,2025-05-19,CUST-0055,Furniture,589.65,19.73,0.12
ORD-01122,2025-05-22,CUST-0089,Furniture,507.55,31.67,0.07
ORD-01123,2025-05-08,CUST-0070,Office Supplies,111.89,10.71,0.12
ORD-01124,2025-05-05,CUST-0074,Technology,772.87,135.01,0.08
ORD-01125,2025-05-17,CUST-0068,Office Supplies,89.81,8.46,0.12
ORD-01126,2025-05-10,CUST-0042,Technology,960.3,162.5,0.09
ORD-01127,2025-05-18,CUST-0053,Technology,670.26,72.58,0.2
ORD-01128,2025-05-24,CUST-0088,Office Supplies,59.72,5.57,0.12
ORD-01129,2025-05-21,CUST-0013,Office Supplies,51.31,0.71,0.27
ORD-01130,2025-05-18,CUST-0105,Office Supplies,93.63,11.46,0.07
ORD-01131,2025-05-12,CUST-0088,Furniture,167.97,-4.58,0.23
ORD-01132,2025-05-22,CUST-0080,Office Supplies,95.09,10.05,0.1
ORD-01133,2025-05-17,CUST-0050,Furniture,462.41,-23.58,0.27
ORD-01134,2025-05-14,CUST-0052,Technology,777.75,116.53,0.13
ORD-01135,2025-05-10,CUST-0102,Furniture,381.67,-8.5,0.22
ORD-01136,2025-06-25,CUST-0008,Furniture,347.42,8.19,0.14
ORD-01137,2025-06-08,CUST-0021,Furniture,421.16,-0.19,0.18
ORD-01138,2025-06-10,CUST-0064,Office Supplies,121.59,12.3,0.11
ORD-01139,2025-06-05,CUST-0102,Office Supplies,102.16,8.05,0.15
ORD-01140,2025-06-02,CUST-0019,Office Supplies,72.34,5.59,0.15
ORD-01141,2025-06-14,CUST-0001,Furniture,284.09,-11.16,0.25
ORD-01142,2025-06-05,CUST-0110,Furniture,278.97,15.6,0.08
ORD-01143,2025-06-09,CUST-0104,Furniture,537.28,-2.17,0.19
ORD-01144,2025-06-21,CUST-0104,Technology,740.47,140.08,0.06
ORD-01145,2025-06-15,CUST-0070,Technology,643.82,65.56,0.21
ORD-01146,2025-06-03,CUST-0086,Office Supplies,90.51,4.31,0.2
ORD-01147,2025-06-27,CUST-0067,Furniture,397.0,-29.41,0.32
ORD-01148,2025-06-09,CUST-0107,Technology,823.99,136.41,0.1
ORD-01149,2025-06-20,CUST-0016,Furniture,327.7,-25.15,0.32
ORD-01150,2025-06-28,CUST-0071,Furniture,405.24,13.48,0.12
ORD-01151,2025-06-26,CUST-0104,Technology,681.84,106.61,0.12
ORD-01152,2025-06-24,CUST-0119,Office Supplies,94.95,10.57,0.09
ORD-01153,2025-06-07,CUST-0023,Office Supplies,102.21,11.82,0.08
ORD-01154,2025-06-28,CUST-0009,Furniture,440.35,9.68,0.14
ORD-01155,2025-06-10,CUST-0056,Office Supplies,61.43,8.73,0.03
ORD-01156,2025-06-01,CUST-0066,Office Supplies,93.4,9.27,0.11
ORD-01157,2025-06-07,CUST-0116,Technology,1035.35,165.77,0.11
ORD-01158,2025-06-04,CUST-0108,Office Supplies,74.56,4.93,0.17
ORD-01159,2025-06-25,CUST-0093,Office Supplies,100.24,11.13,0.09
ORD-01160,2025-06-08,CUST-0117,Furniture,556.07,-6.98,0.2
ORD-01161,2025-06-23,CUST-0057,Office Supplies,146.44,14.72,0.11
ORD-01162,2025-06-08,CUST-0098,Technology,659.74,90.41,0.15
ORD-01163,2025-06-25,CUST-0067,Furniture,150.4,-3.52,0.22
ORD-01164,2025-06-15,CUST-0082,Technology,1033.72,129.35,0.17
ORD-01165,2025-06-12,CUST-0053,Furniture,717.68,12.79,0.15
ORD-01166,2025-06-12,CUST-0032,Technology,848.3,119.2,0.14
ORD-01167,2025-06-16,CUST-0023,Furniture,535.68,8.68,0.15
ORD-01168,2025-06-26,CUST-0092,Furniture,296.04,11.54,0.11
ORD-01169,2025-06-16,CUST-0039,Office Supplies,78.66,7.16,0.13
ORD-01170,2025-06-11,CUST-0104,Office Supplies,89.68,7.82,0.13
ORD-01171,2025-06-12,CUST-0105,Office Supplies,76.09,8.08,0.1
ORD-01172,2025-06-02,CUST-0040,Technology,689.79,100.57,0.13
ORD-01173,2025-06-08,CUST-0090,Furniture,451.46,33.94,0.05
ORD-01174,2025-06-01,CUST-0020,Office Supplies,21.17,0.96,0.21
ORD-01175,2025-06-19,CUST-0053,Technology,967.02,111.63,0.19
ORD-01176,2025-06-14,CUST-0081,Furniture,645.59,37.39,0.08
ORD-01177,2025-06-07,CUST-0074,Technology,704.16,107.34,0.12
ORD-01178,2025-06-13,CUST-0107,Technology,735.26,116.02,0.11
ORD-01179,2025-06-08,CUST-0092,Furniture,294.73,-5.99,0.22
ORD-01180,2025-06-21,CUST-0017,Furniture,430.72,3.99,0.16
ORD-01181,2025-06-11,CUST-0032,Office Supplies,66.88,6.78,0.11
ORD-01182,2025-06-27,CUST-0070,Technology,720.14,98.97,0.15
ORD-01183,2025-06-24,CUST-0023,Furniture,501.18,33.46,0.06
ORD-01184,2025-06-16,CUST-0080,Furniture,448.4,-7.09,0.21
ORD-01185,2025-06-24,CUST-0014,Furniture,394.3,18.64,0.1
ORD-01186,2025-06-06,CUST-0046,Office Supplies,95.84,13.92,0.03
ORD-01187,2025-06-18,CUST-0120,Technology,629.78,91.42,0.14
ORD-01188,2025-06-18,CUST-0092,Furniture,440.26,-20.53,0.27
ORD-01189,2025-06-02,CUST-0072,Office Supplies,120.74,15.86,0.05
ORD-01190,2025-06-27,CUST-0018,Furniture,503.58,12.16,0.14
ORD-01191,2025-06-27,CUST-0085,Office Supplies,98.12,10.67,0.09
ORD-01192,2025-06-25,CUST-0075,Office Supplies,129.3,12.57,0.11
ORD-01193,2025-06-05,CUST-0107,Technology,885.45,139.44,0.11
ORD-01194,2025-06-08,CUST-0046,Office Supplies,98.16,8.62,0.13
ORD-01195,2025-06-05,CUST-0092,Technology,463.27,59.4,0.17
ORD-01196,2025-06-17,CUST-0085,Technology,914.32,95.93,0.21
ORD-01197,2025-06-02,CUST-0026,Furniture,407.76,-6.31,0.21
ORD-01198,2025-06-22,CUST-0111,Furniture,152.08,-3.34,0.22
ORD-01199,2025-06-16,CUST-0031,Office Supplies,69.33,5.79,0.14
ORD-01200,2025-06-01,CUST-0084,Office Supplies,145.6,9.33,0.17
ORD-01201,2025-06-18,CUST-0073,Technology,620.52,136.52,0.0
ORD-01202,2025-06-01,CUST-0061,Furniture,333.68,-5.31,0.21
ORD-01203,2025-06-09,CUST-0023,Furniture,578.26,13.54,0.14
ORD-01204,2025-06-10,CUST-0021,Furniture,323.73,15.24,0.1
ORD-01205,2025-06-27,CUST-0065,Technology,635.8,67.98,0.21
ORD-01206,2025-06-14,CUST-0093,Office Supplies,110.5,11.53,0.1
ORD-01207,2025-06-06,CUST-0060,Office Supplies,120.18,13.28,0.09
ORD-01208,2025-06-04,CUST-0083,Technology,434.93,62.2,0.14
ORD-01209,2025-06-08,CUST-0112,Furniture,640.5,-4.62,0.19
ORD-01210,2025-06-17,CUST-0037,Technology,604.57,68.82,0.19
ORD-01211,2025-06-12,CUST-0003,Technology,835.6,119.85,0.14
ORD-01212,2025-06-13,CUST-0003,Technology,611.51,85.79,0.14
ORD-01213,2025-06-13,CUST-0120,Technology,928.93,115.39,0.17
ORD-01214,2025-06-08,CUST-0101,Furniture,369.57,-9.04,0.23
ORD-01215,2025-06-08,CUST-0041,Office Supplies,93.68,11.11,0.08
ORD-01216,2025-06-27,CUST-0045,Technology,703.68,102.3,0.14
ORD-01217,2025-06-21,CUST-0116,Office Supplies,112.91,15.82,0.04
ORD-01218,2025-06-21,CUST-0049,Office Supplies,57.27,4.72,0.14
ORD-01219,2025-06-03,CUST-0113,Office Supplies,120.45,14.09,0.08
ORD-01220,2025-06-13,CUST-0072,Furniture,593.46,-7.53,0.2
ORD-01221,2025-06-02,CUST-0096,Furniture,611.14,24.44,0.11
ORD-01222,2025-07-23,CUST-0019,Furniture,242.03,-13.71,0.28
ORD-01223,2025-07-16,CUST-0010,Technology,514.61,52.16,0.22
ORD-01224,2025-07-21,CUST-0022,Office Supplies,112.17,10.25,0.12
ORD-01225,2025-07-19,CUST-0080,Office Supplies,87.5,10.7,0.07
ORD-01226,2025-07-04,CUST-0067,Office Supplies,118.94,8.53,0.16
ORD-01227,2025-07-02,CUST-0109,Office Supplies,163.38,20.25,0.07
ORD-01228,2025-07-28,CUST-0012,Technology,740.21,106.6,0.14
ORD-01229,2025-07-19,CUST-0007,Office Supplies,105.07,6.13,0.18
ORD-01230,2025-07-02,CUST-0022,Furniture,553.31,18.6,0.12
ORD-01231,2025-07-22,CUST-0099,Office Supplies,109.18,11.59,0.1
ORD-01232,2025-07-18,CUST-0071,Office Supplies,116.21,12.59,0.09
ORD-01233,2025-07-02,CUST-0097,Furniture,440.29,18.97,0.1
ORD-01234,2025-07-28,CUST-0037,Technology,401.44,49.52,0.18
ORD-01235,2025-07-07,CUST-0052,Technology,757.2,93.39,0.18
ORD-01236,2025-07-25,CUST-0096,Furniture,401.5,17.54,0.1
ORD-01237,2025-07-27,CUST-0082,Office Supplies,102.24,10.58,0.1
ORD-01238,2025-07-03,CUST-0106,Furniture,609.71,5.46,0.17
ORD-01239,2025-07-19,CUST-0120,Technology,695.16,138.94,0.04
ORD-01240,2025-07-27,CUST-0019,Technology,294.73,32.04,0.2
ORD-01241,2025-07-22,CUST-0101,Office Supplies,72.44,4.15,0.19
ORD-01242,2025-07-11,CUST-0084,Office Supplies,152.62,16.93,0.09
ORD-01243,2025-07-24,CUST-0077,Furniture,607.17,18.78,0.13
ORD-01244,2025-07-23,CUST-0034,Technology,623.62,92.73,0.13
ORD-01245,2025-07-17,CUST-0038,Office Supplies,121.32,13.87,0.08
ORD-01246,2025-07-12,CUST-0026,Office Supplies,96.38,11.07,0.08
ORD-01247,2025-07-14,CUST-0071,Technology,784.84,117.86,0.13
ORD-01248,2025-07-03,CUST-0101,Technology,363.7,30.53,0.25
ORD-01249,2025-07-25,CUST-0089,Technology,759.66,132.13,0.08
ORD-01250,2025-07-20,CUST-0079,Furniture,531.8,-1.87,0.19
ORD-01251,2025-07-25,CUST-0025,Furniture,555.51,11.39,0.14
ORD-01252,2025-07-21,CUST-0037,Technology,476.85,41.69,0.24
ORD-01253,2025-07-15,CUST-0083,Technology,493.7,38.38,0.26
ORD-01254,2025-07-12,CUST-0072,Furniture,568.07,11.49,0.15
ORD-01255,2025-07-13,CUST-0032,Furniture,500.96,-2.74,0.19
ORD-01256,2025-07-22,CUST-0009,Furniture,428.87,4.03,0.16
ORD-01257,2025-07-13,CUST-0018,Furniture,632.3,16.46,0.13
ORD-01258,2025-07-20,CUST-0008,Technology,786.92,152.01,0.05
ORD-01259,2025-07-08,CUST-0016,Technology,549.84,35.35,0.28
ORD-01260,2025-07-03,CUST-0010,Office Supplies,56.24,3.91,0.16
ORD-01261,2025-07-13,CUST-0014,Technology,799.21,149.85,0.06
ORD-01262,2025-07-21,CUST-0066,Office Supplies,103.51,9.0,0.13
ORD-01263,2025-07-13,CUST-0031,Technology,415.94,20.37,0.31
ORD-01264,2025-07-04,CUST-0077,Technology,572.83,77.47,0.15
ORD-01265,2025-07-10,CUST-0061,Technology,858.74,133.67,0.12
ORD-01266,2025-07-25,CUST-0041,Furniture,587.19,-0.09,0.18
ORD-01267,2025-07-05,CUST-0073,Technology,906.47,118.71,0.16
ORD-01268,2025-07-14,CUST-0034,Technology,818.82,131.92,0.11
ORD-01269,2025-07-18,CUST-0099,Furniture,321.84,7.79,0.14
ORD-01270,2025-07-04,CUST-0060,Furniture,581.52,-5.86,0.2
ORD-01271,2025-07-12,CUST-0021,Technology,620.79,106.47,0.09
ORD-01272,2025-07-20,CUST-0098,Furniture,559.9,16.99,0.13
ORD-01273,2025-07-11,CUST-0037,Furniture,243.93,-12.06,0.27
ORD-01274,2025-07-01,CUST-0041,Office Supplies,86.85,6.26,0.16
ORD-01275,2025-07-13,CUST-0116,Technology,890.26,119.72,0.16
ORD-01276,2025-07-24,CUST-0029,Office Supplies,110.74,7.87,0.16
ORD-01277,2025-07-08,CUST-0051,Office Supplies,105.91,10.78,0.11
ORD-01278,2025-07-06,CUST-0001,Furniture,417.68,4.39,0.16
ORD-01279,2025-07-06,CUST-0026,Office Supplies,105.68,16.53,0.01
ORD-01280,2025-07-10,CUST-0036,Technology,793.56,110.16,0.15
ORD-01281,2025-07-05,CUST-0023,Technology,854.87,118.26,0.15
ORD-01282,2025-07-14,CUST-0066,Technology,792.45,147.06,0.06
ORD-01283,2025-07-10,CUST-0031,Technology,191.55,26.15,0.15
ORD-01284,2025-07-03,CUST-0086,Furniture,253.77,-12.81,0.27
ORD-01285,2025-07-08,CUST-0032,Furniture,369.13,0.7,0.18
ORD-01286,2025-07-16,CUST-0043,Office Supplies,118.55,9.6,0.14
ORD-01287,2025-07-07,CUST-0040,Furniture,502.11,22.47,0.1
ORD-01288,2025-07-05,CUST-0043,Furniture,495.67,-8.17,0.21
ORD-01289,2025-07-13,CUST-0094,Technology,509.58,76.86,0.13
ORD-01290,2025-07-20,CUST-0039,Technology,512.34,63.89,0.17
ORD-01291,2025-07-28,CUST-0072,Furniture,595.52,-1.93,0.19
ORD-01292,2025-07-11,CUST-0064,Technology,838.02,137.2,0.1
ORD-01293,2025-07-27,CUST-0073,Furniture,430.32,5.42,0.16
ORD-01294,2025-07-20,CUST-0031,Office Supplies,78.94,7.57,0.12
ORD-01295,2025-07-11,CUST-0066,Technology,781.31,134.16,0.09
ORD-01296,2025-07-23,CUST-0012,Furniture,395.22,6.98,0.15
ORD-01297,2025-07-11,CUST-0061,Technology,712.07,67.98,0.23
ORD-01298,2025-07-13,CUST-0049,Technology,498.17,53.81,0.2
ORD-01299,2025-07-10,CUST-0069,Office Supplies,82.28,8.07,0.11
ORD-01300,2025-07-21,CUST-0001,Office Supplies,100.28,6.62,0.17
ORD-01301,2025-07-19,CUST-0032,Furniture,425.14,4.57,0.16
ORD-01302,2025-08-11,CUST-0114,Office Supplies,79.05,8.17,0.1
ORD-01303,2025-08-27,CUST-0097,Furniture,575.76,14.82,0.14
ORD-01304,2025-08-12,CUST-0046,Office Supplies,131.28,11.93,0.13
ORD-01305,2025-08-19,CUST-0114,Technology,690.19,107.91,0.12
ORD-01306,2025-08-18,CUST-0117,Technology,615.85,90.89,0.13
ORD-01307,2025-08-25,CUST-0093,Technology,751.49,130.5,0.08
ORD-01308,2025-08-24,CUST-0002,Furniture,358.19,5.57,0.15
ORD-01309,2025-08-23,CUST-0082,Furniture,525.34,5.61,0.16
ORD-01310,2025-08-26,CUST-0086,Technology,248.82,22.58,0.23
ORD-01311,2025-08-23,CUST-0110,Technology,899.76,126.89,0.14
ORD-01312,2025-08-28,CUST-0072,Technology,945.47,135.6,0.14
ORD-01313,2025-08-14,CUST-0016,Office Supplies,84.44,7.81,0.12
ORD-01314,2025-08-05,CUST-0044,Office Supplies,41.33,2.18,0.19
ORD-01315,2025-08-08,CUST-0027,Furniture,703.65,0.52,0.18
ORD-01316,2025-08-05,CUST-0098,Technology,777.09,95.91,0.18
ORD-01317,2025-08-26,CUST-0101,Office Supplies,95.05,6.91,0.16
ORD-01318,2025-08-15,CUST-0016,Furniture,248.38,-0.73,0.19
ORD-01319,2025-08-16,CUST-0007,Office Supplies,123.07,16.22,0.05
ORD-01320,2025-08-18,CUST-0048,Furniture,468.37,-8.67,0.22
ORD-01321,2025-08-28,CUST-0048,Furniture,406.34,-3.02,0.2
ORD-01322,2025-08-18,CUST-0093,Office Supplies,124.48,15.14,0.07
ORD-01323,2025-08-12,CUST-0114,Technology,878.65,146.66,0.1
ORD-01324,2025-08-26,CUST-0055,Office Supplies,76.87,4.69,0.18
ORD-01325,2025-08-21,CUST-0074,Furniture,336.94,1.26,0.17
ORD-01326,2025-08-04,CUST-0077,Office Supplies,121.99,12.2,0.11
ORD-01327,2025-08-22,CUST-0061,Office Supplies,110.37,9.97,0.13
ORD-01328,2025-08-06,CUST-0076,Office Supplies,81.74,5.82,0.16
ORD-01329,2025-08-02,CUST-0087,Furniture,389.94,10.83,0.13
ORD-01330,2025-08-21,CUST-0076,Furniture,327.68,-8.46,0.23
ORD-01331,2025-08-13,CUST-0049,Office Supplies,89.24,6.03,0.17
ORD-01332,2025-08-11,CUST-0025,Office Supplies,119.94,13.9,0.08
ORD-01333,2025-08-14,CUST-0015,Office Supplies,64.06,6.42,0.11
ORD-01334,2025-08-04,CUST-0110,Technology,601.24,84.46,0.14
ORD-01335,2025-08-17,CUST-0113,Technology,1143.97,170.38,0.13
ORD-01336,2025-08-18,CUST-0068,Office Supplies,120.7,16.05,0.05
ORD-01337,2025-08-19,CUST-0007,Furniture,472.21,-1.06,0.19
ORD-01338,2025-08-12,CUST-0095,Technology,825.97,116.31,0.14
ORD-01339,2025-08-25,CUST-0061,Furniture,279.76,0.67,0.18
ORD-01340,2025-08-23,CUST-0008,Office Supplies,105.5,10.59,0.11
ORD-01341,2025-08-12,CUST-0017,Furniture,453.89,16.12,0.12
ORD-01342,2025-08-16,CUST-0055,Office Supplies,91.5,14.64,0.0
ORD-01343,2025-08-14,CUST-0064,Technology,1010.41,142.07,0.14
ORD-01344,2025-08-03,CUST-0051,Office Supplies,153.56,10.68,0.16
ORD-01345,2025-08-24,CUST-0052,Technology,638.67,84.99,0.16
ORD-01346,2025-08-10,CUST-0045,Technology,687.82,127.45,0.06
ORD-01347,2025-08-26,CUST-0078,Technology,839.33,167.15,0.04
ORD-01348,2025-08-16,CUST-0101,Technology,504.67,66.84,0.16
ORD-01349,2025-08-04,CUST-0083,Technology,423.81,49.17,0.19
ORD-01350,2025-08-23,CUST-0024,Furniture,589.43,-0.78,0.18
ORD-01351,2025-08-03,CUST-0113,Furniture,631.14,-4.69,0.2
ORD-01352,2025-08-26,CUST-0018,Technology,703.9,86.7,0.18
ORD-01353,2025-08-01,CUST-0047,Office Supplies,122.95,11.6,0.12
ORD-01354,2025-08-21,CUST-0055,Office Supplies,129.54,14.92,0.08
ORD-01355,2025-08-26,CUST-0069,Technology,867.91,116.01,0.16
ORD-01356,2025-08-24,CUST-0009,Technology,1007.05,168.45,0.1
ORD-01357,2025-08-06,CUST-0015,Technology,546.22,88.13,0.11
ORD-01358,2025-08-11,CUST-0073,Furniture,471.26,2.43,0.17
ORD-01359,2025-08-15,CUST-0038,Furniture,385.93,9.85,0.14
ORD-01360,2025-08-13,CUST-0084,Technology,1078.7,188.28,0.08
ORD-01361,2025-08-06,CUST-0092,Furniture,205.23,-10.58,0.28
ORD-01362,2025-08-14,CUST-0028,Furniture,496.8,-5.3,0.2
ORD-01363,2025-08-24,CUST-0105,Furniture,500.52,20.8,0.11
ORD-01364,2025-08-07,CUST-0048,Furniture,620.3,5.5,0.17
ORD-01365,2025-08-14,CUST-0008,Furniture,607.21,4.33,0.17
ORD-01366,2025-08-23,CUST-0030,Furniture,548.29,15.91,0.13
ORD-01367,2025-08-09,CUST-0085,Technology,911.87,174.94,0.05
ORD-01368,2025-08-26,CUST-0061,Office Supplies,80.31,6.11,0.15
ORD-01369,2025-08-19,CUST-0069,Office Supplies,111.18,5.29,0.2
ORD-01370,2025-08-28,CUST-0077,Technology,925.56,139.05,0.13
ORD-01371,2025-08-12,CUST-0038,Furniture,431.74,5.99,0.16
ORD-01372,2025-08-15,CUST-0106,Technology,917.27,137.29,0.13
ORD-01373,2025-08-22,CUST-0043,Technology,778.64,108.14,0.15
ORD-01374,2025-08-17,CUST-0078,Office Supplies,120.38,12.07,0.11
ORD-01375,2025-08-11,CUST-0096,Office Supplies,101.78,5.86,0.19
ORD-01376,2025-08-20,CUST-0069,Furniture,520.01,27.26,0.09
ORD-01377,2025-08-04,CUST-0083,Furniture,330.16,-3.04,0.2
ORD-01378,2025-08-28,CUST-0025,Technology,741.93,100.44,0.15
ORD-01379,2025-08-06,CUST-0107,Furniture,486.04,1.64,0.18
ORD-01380,2025-08-23,CUST-0060,Office Supplies,119.33,12.68,0.1
ORD-01381,2025-08-20,CUST-0006,Office Supplies,110.65,13.85,0.06
ORD-01382,2025-08-22,CUST-0056,Furniture,225.07,-17.4,0.32
ORD-01383,2025-08-04,CUST-0077,Technology,644.3,94.98,0.13
ORD-01384,2025-08-04,CUST-0025,Technology,932.99,142.23,0.12
ORD-01385,2025-08-23,CUST-0056,Technology,592.9,53.59,0.24
ORD-01386,2025-09-13,CUST-0066,Technology,849.7,127.61,0.13
ORD-01387,2025-09-05,CUST-0053,Furniture,648.19,19.11,0.13
ORD-01388,2025-09-14,CUST-0024,Furniture,409.27,1.93,0.17
ORD-01389,2025-09-21,CUST-0021,Technology,821.24,143.29,0.08
ORD-01390,2025-09-21,CUST-0089,Furniture,525.85,8.27,0.15
ORD-01391,2025-09-06,CUST-0059,Office Supplies,138.95,7.49,0.19
ORD-01392,2025-09-16,CUST-0027,Furniture,612.59,7.48,0.16
ORD-01393,2025-09-06,CUST-0028,Technology,672.29,93.89,0.15
ORD-01394,2025-09-15,CUST-0062,Technology,972.53,145.79,0.13
ORD-01395,2025-09-28,CUST-0001,Furniture,329.47,5.27,0.15
ORD-01396,2025-09-01,CUST-0083,Furniture,201.35,-4.72,0.22
ORD-01397,2025-09-07,CUST-0055,Furniture,400.31,8.71,0.14
ORD-01398,2025-09-18,CUST-0035,Office Supplies,112.22,9.1,0.14
ORD-01399,2025-09-16,CUST-0076,Furniture,343.16,-18.92,0.28
ORD-01400,2025-09-16,CUST-0070,Furniture,389.39,6.18,0.15
ORD-01401,2025-09-27,CUST-0045,Furniture,597.49,2.54,0.17
ORD-01402,2025-09-06,CUST-0039,Furniture,330.6,-7.91,0.23
ORD-01403,2025-09-01,CUST-0100,Technology,538.33,51.57,0.23
ORD-01404,2025-09-08,CUST-0022,Office Supplies,139.58,14.71,0.1
ORD-01405,2025-09-09,CUST-0093,Technology,794.82,140.1,0.08
ORD-01406,2025-09-10,CUST-0007,Technology,868.67,153.3,0.08
ORD-01407,2025-09-15,CUST-0006,Technology,1117.54,154.0,0.15
ORD-01408,2025-09-25,CUST-0046,Furniture,436.22,-3.38,0.2
ORD-01409,2025-09-18,CUST-0108,Office Supplies,63.9,4.27,0.17
ORD-01410,2025-09-19,CUST-0006,Furniture,486.48,13.41,0.13
ORD-01411,2025-09-25,CUST-0021,Technology,716.15,94.05,0.16
ORD-01412,2025-09-12,CUST-0100,Furniture,355.69,-11.37,0.24
ORD-01413,2025-09-25,CUST-0073,Furniture,450.21,8.83,0.15
ORD-01414,2025-09-24,CUST-0110,Technology,959.3,167.83,0.08
ORD-01415,2025-09-07,CUST-0036,Furniture,610.61,24.04,0.11
ORD-01416,2025-09-04,CUST-0029,Office Supplies,126.88,12.12,0.12
ORD-01417,2025-09-21,CUST-0065,Office Supplies,33.08,1.22,0.22
ORD-01418,2025-09-10,CUST-0085,Office Supplies,98.9,11.01,0.09
ORD-01419,2025-09-02,CUST-0064,Office Supplies,73.99,8.65,0.08
ORD-01420,2025-09-12,CUST-0022,Furniture,619.35,19.46,0.12
ORD-01421,2025-09-03,CUST-0101,Office Supplies,69.93,6.18,0.13
ORD-01422,2025-09-04,CUST-0042,Furniture,549.63,3.01,0.17
ORD-01423,2025-09-08,CUST-0114,Office Supplies,121.44,14.25,0.08
ORD-01424,2025-09-24,CUST-0047,Technology,723.5,130.65,0.07
ORD-01425,2025-09-12,CUST-0103,Furniture,462.42,13.37,0.13
ORD-01426,2025-09-20,CUST-0042,Office Supplies,115.78,9.76,0.14
ORD-01427,2025-09-06,CUST-0003,Furniture,444.59,7.37,0.15
ORD-01428,2025-09-26,CUST-0066,Furniture,632.02,16.0,0.14
ORD-01429,2025-09-07,CUST-0104,Technology,752.6,149.54,0.04
ORD-01430,2025-09-19,CUST-0063,Office Supplies,112.53,12.15,0.09
ORD-01431,2025-09-09,CUST-0101,Furniture,117.35,-5.18,0.26
ORD-01432,2025-09-06,CUST-0022,Furniture,455.56,17.67,0.11
ORD-01433,2025-09-23,CUST-0033,Technology,704.48,85.77,0.18
ORD-01434,2025-09-19,CUST-0081,Technology,830.48,142.53,0.09
ORD-01435,2025-09-28,CUST-0061,Technology,856.15,134.73,0.11
ORD-01436,2025-09-22,CUST-0104,Furniture,593.73,24.13,0.11
ORD-01437,2025-09-05,CUST-0028,Office Supplies,112.25,6.88,0.18
ORD-01438,2025-09-26,CUST-0092,Office Supplies,32.63,2.12,0.17
ORD-01439,2025-09-02,CUST-0064,Furniture,427.04,-1.54,0.19
ORD-01440,2025-09-28,CUST-0079,Office Supplies,78.51,6.48,0.14
ORD-01441,2025-09-23,CUST-0079,Office Supplies,107.24,12.74,0.07
ORD-01442,2025-09-08,CUST-0078,Office Supplies,141.84,14.75,0.1
ORD-01443,2025-09-11,CUST-0059,Technology,709.58,113.27,0.11
ORD-01444,2025-09-25,CUST-0078,Office Supplies,137.56,12.12,0.13
ORD-01445,2025-09-13,CUST-0058,Office Supplies,44.32,2.19,0.2
ORD-01446,2025-09-19,CUST-0034,Furniture,488.22,-9.4,0.22
ORD-01447,2025-09-21,CUST-0056,Furniture,274.3,-8.61,0.24
ORD-01448,2025-09-15,CUST-0027,Furniture,569.64,2.4,0.17
ORD-01449,2025-09-26,CUST-0052,Technology,647.72,125.07,0.05
ORD-01450,2025-09-03,CUST-0031,Office Supplies,71.2,4.92,0.17
ORD-01451,2025-09-24,CUST-0096,Furniture,542.35,10.61,0.15
ORD-01452,2025-09-12,CUST-0004,Technology,467.81,48.34,0.21
ORD-01453,2025-09-16,CUST-0096,Furniture,776.21,37.38,0.09
ORD-01454,2025-09-01,CUST-0053,Technology,826.72,143.79,0.08
ORD-01455,2025-09-28,CUST-0079,Office Supplies,101.54,7.83,0.15
ORD-01456,2025-09-24,CUST-0040,Office Supplies,120.73,14.85,0.07
ORD-01457,2025-09-21,CUST-0078,Office Supplies,167.61,19.85,0.08
ORD-01458,2025-09-12,CUST-0117,Office Supplies,71.24,7.84,0.09
ORD-01459,2025-09-26,CUST-0104,Office Supplies,112.23,15.93,0.03
ORD-01460,2025-09-07,CUST-0095,Furniture,642.34,33.19,0.09
ORD-01461,2025-09-27,CUST-0092,Office Supplies,50.11,1.41,0.24
ORD-01462,2025-09-09,CUST-0095,Technology,863.88,128.11,0.13
ORD-01463,2025-09-10,CUST-0100,Technology,704.78,81.98,0.19
ORD-01464,2025-09-19,CUST-0088,Technology,545.97,57.21,0.21
ORD-01465,2025-09-28,CUST-0070,Technology,570.71,98.89,0.08
ORD-01466,2025-09-11,CUST-0017,Furniture,493.63,-4.42,0.2
ORD-01467,2025-09-25,CUST-0015,Office Supplies,82.47,3.46,0.21
ORD-01468,2025-09-04,CUST-0018,Technology,967.29,131.45,0.15
ORD-01469,2025-09-27,CUST-0063,Furniture,415.69,-1.4,0.19
ORD-01470,2025-09-04,CUST-0052,Furniture,406.41,2.96,0.17
ORD-01471,2025-09-06,CUST-0075,Office Supplies,131.62,15.71,0.07
ORD-01472,2025-09-01,CUST-0063,Furniture,636.18,18.11,0.13
ORD-01473,2025-09-14,CUST-0098,Office Supplies,82.64,10.26,0.07
ORD-01474,2025-09-23,CUST-0089,Technology,868.97,138.97,0.11
ORD-01475,2025-09-21,CUST-0030,Office Supplies,120.12,10.28,0.14
ORD-01476,2025-09-28,CUST-0012,Technology,1104.58,190.89,0.09
ORD-01477,2025-10-09,CUST-0113,Office Supplies,125.2,10.7,0.14
ORD-01478,2025-10-12,CUST-0090,Technology,1157.34,185.82,0.11
ORD-01479,2025-10-12,CUST-0001,Technology,629.96,101.21,0.11
ORD-01480,2025-10-21,CUST-0109,Office Supplies,125.55,15.32,0.07
ORD-01481,2025-10-13,CUST-0043,Technology,877.93,140.8,0.11
ORD-01482,2025-10-24,CUST-0059,Furniture,577.27,12.32,0.14
ORD-01483,2025-10-08,CUST-0002,Office Supplies,154.85,11.5,0.16
ORD-01484,2025-10-03,CUST-0052,Furniture,431.99,15.8,0.12
ORD-01485,2025-10-01,CUST-0117,Office Supplies,95.22,9.96,0.1
ORD-01486,2025-10-03,CUST-0068,Technology,901.15,148.47,0.1
ORD-01487,2025-10-08,CUST-0054,Technology,923.05,154.63,0.1
ORD-01488,2025-10-15,CUST-0119,Furniture,322.17,-4.79,0.21
ORD-01489,2025-10-23,CUST-0008,Technology,1152.28,149.99,0.16
ORD-01490,2025-10-04,CUST-0107,Technology,786.99,81.97,0.21
ORD-01491,2025-10-14,CUST-0079,Office Supplies,137.24,14.81,0.09
ORD-01492,2025-10-16,CUST-0023,Office Supplies,73.02,7.18,0.11
ORD-01493,2025-10-13,CUST-0066,Technology,829.92,138.13,0.1
ORD-01494,2025-10-26,CUST-0054,Technology,1004.86,145.91,0.14
ORD-01495,2025-10-11,CUST-0023,Technology,858.41,132.38,0.12
ORD-01496,2025-10-10,CUST-0043,Furniture,478.98,11.12,0.14
ORD-01497,2025-10-25,CUST-0100,Technology,526.87,62.97,0.18
ORD-01498,2025-10-28,CUST-0034,Office Supplies,98.19,10.8,0.09
ORD-01499,2025-10-22,CUST-0048,Technology,1034.02,139.04,0.16
ORD-01500,2025-10-17,CUST-0059,Technology,977.37,162.68,0.1
ORD-01501,2025-10-20,CUST-0061,Furniture,663.02,12.98,0.15
ORD-01502,2025-10-15,CUST-0112,Office Supplies,125.66,18.08,0.03
ORD-01503,2025-10-07,CUST-0101,Furniture,209.13,-4.54,0.22
ORD-01504,2025-10-05,CUST-0069,Furniture,600.13,-8.48,0.21
ORD-01505,2025-10-20,CUST-0012,Office Supplies,127.04,10.62,0.14
ORD-01506,2025-10-28,CUST-0093,Office Supplies,105.02,11.05,0.1
ORD-01507,2025-10-04,CUST-0025,Technology,800.58,111.25,0.15
ORD-01508,2025-10-04,CUST-0111,Technology,480.86,56.07,0.19
ORD-01509,2025-10-13,CUST-0115,Furniture,531.94,8.82,0.15
ORD-01510,2025-10-14,CUST-0069,Furniture,468.33,11.2,0.14
ORD-01511,2025-10-05,CUST-0081,Technology,920.42,161.42,0.08
ORD-01512,2025-10-21,CUST-0095,Technology,925.14,147.8,0.11
ORD-01513,2025-10-18,CUST-0014,Technology,968.36,133.93,0.15
ORD-01514,2025-10-24,CUST-0087,Furniture,613.64,8.38,0.16
ORD-01515,2025-10-25,CUST-0112,Furniture,543.58,10.5,0.15
ORD-01516,2025-10-01,CUST-0014,Office Supplies,129.53,13.59,0.1
ORD-01517,2025-10-22,CUST-0012,Office Supplies,87.73,10.45,0.07
ORD-01518,2025-10-07,CUST-0109,Office Supplies,89.16,9.76,0.09
ORD-01519,2025-10-17,CUST-0070,Furniture,406.14,6.24,0.15
ORD-01520,2025-10-13,CUST-0088,Technology,600.06,78.76,0.16
ORD-01521,2025-10-02,CUST-0050,Technology,484.78,44.98,0.23
ORD-01522,2025-10-26,CUST-0074,Office Supplies,150.31,11.27,0.15
ORD-01523,2025-10-16,CUST-0106,Office Supplies,179.26,22.83,0.06
ORD-01524,2025-10-08,CUST-0039,Furniture,219.01,-12.75,0.29
ORD-01525,2025-10-20,CUST-0085,Furniture,581.69,11.12,0.15
ORD-01526,2025-10-01,CUST-0055,Technology,922.75,170.43,0.06
ORD-01527,2025-10-11,CUST-0032,Office Supplies,139.44,18.05,0.06
ORD-01528,2025-10-28,CUST-0104,Technology,991.11,133.16,0.16
ORD-01529,2025-10-14,CUST-0025,Office Supplies,119.71,15.24,0.06
ORD-01530,2025-10-22,CUST-0086,Furniture,203.9,-7.38,0.25
ORD-01531,2025-10-16,CUST-0066,Technology,977.88,145.48,0.13
ORD-01532,2025-10-25,CUST-0088,Office Supplies,63.7,5.02,0.15
ORD-01533,2025-10-19,CUST-0018,Technology,939.18,154.33,0.1
ORD-01534,2025-10-09,CUST-0109,Technology,793.18,130.49,0.1
ORD-01535,2025-10-02,CUST-0068,Technology,851.92,134.6,0.11
ORD-01536,2025-10-13,CUST-0036,Office Supplies,118.35,10.76,0.13
ORD-01537,2025-10-21,CUST-0014,Furniture,538.78,30.93,0.08
ORD-01538,2025-10-25,CUST-0109,Office Supplies,153.65,13.12,0.14
ORD-01539,2025-10-23,CUST-0103,Furniture,582.51,33.97,0.08
ORD-01540,2025-10-21,CUST-0037,Furniture,199.08,-6.4,0.24
ORD-01541,2025-10-20,CUST-0099,Furniture,412.33,3.67,0.17
ORD-01542,2025-10-03,CUST-0059,Technology,973.09,125.09,0.17
ORD-01543,2025-10-17,CUST-0003,Technology,669.7,102.1,0.12
ORD-01544,2025-10-26,CUST-0119,Office Supplies,80.1,3.17,0.22
ORD-01545,2025-10-11,CUST-0045,Technology,867.44,126.95,0.13
ORD-01546,2025-10-21,CUST-0079,Furniture,496.89,6.25,0.16
ORD-01547,2025-10-21,CUST-0045,Office Supplies,106.62,10.43,0.11
ORD-01548,2025-10-03,CUST-0101,Office Supplies,50.44,3.37,0.17
ORD-01549,2025-10-14,CUST-0074,Technology,938.85,171.84,0.07
ORD-01550,2025-10-28,CUST-0007,Office Supplies,98.34,14.74,0.02
ORD-01551,2025-10-08,CUST-0087,Technology,721.45,109.92,0.12
ORD-01552,2025-10-14,CUST-0113,Technology,993.28,138.75,0.15
ORD-01553,2025-10-20,CUST-0071,Technology,820.84,141.24,0.09
ORD-01554,2025-10-10,CUST-0060,Furniture,354.43,3.57,0.16
ORD-01555,2025-10-22,CUST-0103,Office Supplies,129.23,16.24,0.06
ORD-01556,2025-10-04,CUST-0101,Office Supplies,73.16,5.16,0.16
ORD-01557,2025-10-05,CUST-0076,Technology,415.63,26.55,0.28
ORD-01558,2025-10-06,CUST-0068,Office Supplies,127.54,13.79,0.09
ORD-01559,2025-10-12,CUST-0028,Furniture,351.25,-7.36,0.22
ORD-01560,2025-10-26,CUST-0120,Furniture,377.93,4.91,0.16
ORD-01561,2025-10-09,CUST-0054,Office Supplies,87.73,9.19,0.1
ORD-01562,2025-10-05,CUST-0051,Technology,831.41,137.55,0.1
ORD-01563,2025-10-28,CUST-0007,Office Supplies,136.01,13.83,0.11
ORD-01564,2025-10-04,CUST-0066,Technology,784.22,119.97,0.12
ORD-01565,2025-10-01,CUST-0105,Office Supplies,123.08,15.27,0.07
ORD-01566,2025-10-14,CUST-0115,Technology,1054.86,148.96,0.14
ORD-01567,2025-10-03,CUST-0002,Technology,952.51,160.92,0.09
ORD-01568,2025-10-19,CUST-0119,Technology,525.01,48.34,0.23
ORD-01569,2025-11-16,CUST-0116,Furniture,541.22,-22.56,0.26
ORD-01570,2025-11-12,CUST-0056,Furniture,192.49,-3.81,0.22
ORD-01571,2025-11-28,CUST-0109,Technology,627.65,101.11,0.11
ORD-01572,2025-11-12,CUST-0083,Furniture,108.78,-3.27,0.24
ORD-01573,2025-11-25,CUST-0007,Technology,921.65,166.28,0.07
ORD-01574,2025-11-19,CUST-0093,Technology,993.88,160.4,0.11
ORD-01575,2025-11-04,CUST-0003,Office Supplies,130.13,17.26,0.05
ORD-01576,2025-11-17,CUST-0085,Technology,822.78,96.02,0.19
ORD-01577,2025-11-28,CUST-0100,Technology,365.84,46.41,0.17
ORD-01578,2025-11-08,CUST-0079,Office Supplies,93.36,8.16,0.13
ORD-01579,2025-11-12,CUST-0046,Technology,758.3,127.92,0.09
ORD-01580,2025-11-05,CUST-0116,Furniture,521.93,-4.31,0.2
ORD-01581,2025-11-28,CUST-0031,Technology,851.68,151.03,0.08
ORD-01582,2025-11-26,CUST-0066,Technology,967.44,160.31,0.1
ORD-01583,2025-11-24,CUST-0061,Office Supplies,102.59,10.34,0.11
ORD-01584,2025-11-08,CUST-0108,Office Supplies,58.94,1.03,0.26
ORD-01585,2025-11-14,CUST-0042,Technology,735.15,103.02,0.15
ORD-01586,2025-11-11,CUST-0013,Office Supplies,97.41,11.33,0.08
ORD-01587,2025-11-03,CUST-0068,Technology,883.84,165.72,0.06
ORD-01588,2025-11-04,CUST-0111,Furniture,301.9,-12.7,0.26
ORD-01589,2025-11-02,CUST-0064,Furniture,693.7,2.73,0.17
ORD-01590,2025-11-26,CUST-0061,Technology,756.27,123.55,0.1
ORD-01591,2025-11-02,CUST-0105,Furniture,411.08,0.02,0.18
ORD-01592,2025-11-03,CUST-0025,Office Supplies,114.17,14.58,0.06
ORD-01593,2025-11-28,CUST-0026,Office Supplies,104.74,13.36,0.06
ORD-01594,2025-11-28,CUST-0001,Technology,775.24,102.15,0.16
ORD-01595,2025-11-03,CUST-0036,Technology,1017.61,152.68,0.13
ORD-01596,2025-11-01,CUST-0065,Furniture,332.07,-5.32,0.21
ORD-01597,2025-11-10,CUST-0100,Furniture,245.29,-3.17,0.21
ORD-01598,2025-11-10,CUST-0010,Furniture,181.51,0.11,0.18
ORD-01599,2025-11-08,CUST-0103,Office Supplies,114.4,11.4,0.11
ORD-01600,2025-11-19,CUST-0102,Furniture,283.18,-7.48,0.23
ORD-01601,2025-11-25,CUST-0065,Office Supplies,94.41,8.03,0.14
ORD-01602,2025-11-24,CUST-0067,Office Supplies,77.59,5.03,0.17
ORD-01603,2025-11-25,CUST-0007,Office Supplies,144.06,9.3,0.17
ORD-01604,2025-11-05,CUST-0110,Office Supplies,95.63,14.57,0.01
ORD-01605,2025-11-14,CUST-0042,Technology,631.97,98.38,0.12
ORD-01606,2025-11-18,CUST-0044,Technology,466.9,56.66,0.18
ORD-01607,2025-11-27,CUST-0076,Technology,638.31,98.68,0.12
ORD-01608,2025-11-01,CUST-0043,Office Supplies,127.99,15.34,0.07
ORD-01609,2025-11-01,CUST-0101,Office Supplies,62.58,4.54,0.16
ORD-01610,2025-11-13,CUST-0039,Office Supplies,50.09,3.86,0.15
ORD-01611,2025-11-24,CUST-0086,Office Supplies,74.34,7.04,0.12
ORD-01612,2025-11-07,CUST-0006,Technology,990.15,186.49,0.06
ORD-01613,2025-11-08,CUST-0036,Furniture,602.39,14.97,0.14
ORD-01614,2025-11-02,CUST-0032,Furniture,429.1,19.16,0.1
ORD-01615,2025-11-05,CUST-0048,Office Supplies,98.88,5.73,0.19
ORD-01616,2025-11-03,CUST-0115,Office Supplies,149.93,10.79,0.16
ORD-01617,2025-11-08,CUST-0097,Technology,933.54,154.69,0.1
ORD-01618,2025-11-17,CUST-0022,Office Supplies,126.9,12.93,0.11
ORD-01619,2025-11-12,CUST-0040,Furniture,525.17,6.9,0.16
ORD-01620,2025-11-24,CUST-0001,Furniture,524.28,14.41,0.13
ORD-01621,2025-11-04,CUST-0108,Technology,679.93,70.86,0.21
ORD-01622,2025-11-21,CUST-0103,Furniture,365.06,7.28,0.15
ORD-01623,2025-11-03,CUST-0106,Office Supplies,168.85,14.81,0.13
ORD-01624,2025-11-02,CUST-0081,Furniture,419.55,18.42,0.1
ORD-01625,2025-11-05,CUST-0119,Furniture,397.93,-3.7,0.2
ORD-01626,2025-11-09,CUST-0076,Technology,582.54,72.89,0.17
ORD-01627,2025-11-26,CUST-0116,Office Supplies,92.95,12.87,0.04
ORD-01628,2025-11-27,CUST-0097,Furniture,630.62,16.86,0.13
ORD-01629,2025-11-11,CUST-0112,Office Supplies,106.15,12.53,0.08
ORD-01630,2025-11-08,CUST-0040,Furniture,559.14,9.74,0.15
ORD-01631,2025-11-07,CUST-0089,Technology,710.8,105.46,0.13
ORD-01632,2025-11-25,CUST-0079,Technology,878.83,145.62,0.1
ORD-01633,2025-11-05,CUST-0061,Furniture,429.47,23.29,0.08
ORD-01634,2025-11-15,CUST-0008,Technology,871.01,129.21,0.13
ORD-01635,2025-11-14,CUST-0095,Furniture,538.22,0.42,0.18
ORD-01636,2025-11-12,CUST-0075,Technology,1166.81,191.81,0.1
ORD-01637,2025-11-07,CUST-0060,Office Supplies,105.81,7.79,0.16
ORD-01638,2025-11-15,CUST-0016,Furniture,254.95,-7.25,0.23
ORD-01639,2025-11-04,CUST-0097,Technology,1002.87,121.07,0.18
ORD-01640,2025-11-26,CUST-0052,Technology,715.75,119.18,0.1
ORD-01641,2025-11-27,CUST-0056,Office Supplies,84.17,4.04,0.2
ORD-01642,2025-11-20,CUST-0110,Office Supplies,110.16,9.24,0.14
ORD-01643,2025-11-27,CUST-0117,Technology,731.36,126.75,0.08
ORD-01644,2025-11-05,CUST-0100,Office Supplies,77.67,5.64,0.16
ORD-01645,2025-11-08,CUST-0010,Technology,252.13,27.4,0.2
ORD-01646,2025-11-13,CUST-0088,Office Supplies,68.81,2.0,0.24
ORD-01647,2025-11-22,CUST-0118,Furniture,384.05,-3.15,0.2
ORD-01648,2025-11-27,CUST-0108,Technology,500.87,54.9,0.2
ORD-01649,2025-11-01,CUST-0017,Office Supplies,136.79,14.72,0.1
ORD-01650,2025-11-28,CUST-0009,Office Supplies,137.78,12.02,0.13
ORD-01651,2025-11-24,CUST-0118,Furniture,657.41,-3.71,0.19
ORD-01652,2025-11-04,CUST-0096,Furniture,655.01,32.75,0.09
ORD-01653,2025-11-26,CUST-0075,Furniture,463.75,16.8,0.12
ORD-01654,2025-11-04,CUST-0030,Office Supplies,139.62,8.57,0.18
ORD-01655,2025-11-27,CUST-0066,Technology,871.42,152.71,0.08
ORD-01656,2025-11-08,CUST-0063,Office Supplies,84.75,11.01,0.05
ORD-01657,2025-11-27,CUST-0076,Technology,656.63,61.08,0.23
ORD-01658,2025-11-22,CUST-0082,Furniture,539.88,10.86,0.15
ORD-01659,2025-11-21,CUST-0064,Furniture,653.45,30.0,0.1
ORD-01660,2025-11-19,CUST-0104,Technology,910.51,147.45,0.11
ORD-01661,2025-11-27,CUST-0019,Technology,300.4,40.27,0.16
ORD-01662,2025-11-03,CUST-0089,Technology,1088.15,144.94,0.16
ORD-01663,2025-11-21,CUST-0078,Technology,650.3,110.36,0.09
ORD-01664,2025-12-05,CUST-0007,Furniture,626.92,12.24,0.15
ORD-01665,2025-12-28,CUST-0059,Technology,777.32,137.79,0.08
ORD-01666,2025-12-11,CUST-0051,Office Supplies,102.47,12.18,0.07
ORD-01667,2025-12-15,CUST-0098,Technology,959.45,132.75,0.15
ORD-01668,2025-12-19,CUST-0120,Technology,874.37,122.14,0.15
ORD-01669,2025-12-24,CUST-0067,Furniture,132.05,-10.43,0.33
ORD-01670,2025-12-01,CUST-0060,Furniture,408.49,-4.85,0.2
ORD-01671,2025-12-14,CUST-0012,Furniture,504.63,11.87,0.14
ORD-01672,2025-12-07,CUST-0044,Technology,542.26,73.52,0.15
ORD-01673,2025-12-09,CUST-0058,Office Supplies,37.06,2.73,0.16
ORD-01674,2025-12-05,CUST-0059,Technology,837.32,163.52,0.04
ORD-01675,2025-12-20,CUST-0058,Technology,414.4,33.18,0.25
ORD-01676,2025-12-21,CUST-0044,Furniture,217.1,-5.75,0.23
ORD-01677,2025-12-14,CUST-0029,Technology,959.35,113.85,0.18
ORD-01678,2025-12-16,CUST-0003,Office Supplies,97.57,8.79,0.13
ORD-01679,2025-12-09,CUST-0072,Technology,1097.96,191.38,0.08
ORD-01680,2025-12-14,CUST-0061,Furniture,467.8,9.48,0.14
ORD-01681,2025-12-26,CUST-0031,Technology,830.77,95.18,0.19
ORD-01682,2025-12-21,CUST-0002,Furniture,446.61,1.76,0.17
ORD-01683,2025-12-18,CUST-0049,Office Supplies,93.33,4.0,0.21
ORD-01684,2025-12-13,CUST-0034,Office Supplies,104.72,10.21,0.11
ORD-01685,2025-12-12,CUST-0107,Office Supplies,131.58,10.78,0.14
ORD-01686,2025-12-26,CUST-0084,Furniture,602.22,6.88,0.16
ORD-01687,2025-12-19,CUST-0001,Furniture,434.87,10.9,0.14
ORD-01688,2025-12-13,CUST-0002,Furniture,540.44,15.02,0.13
ORD-01689,2025-12-01,CUST-0010,Technology,597.15,73.35,0.18
ORD-01690,2025-12-08,CUST-0042,Technology,1070.97,177.75,0.1
ORD-01691,2025-12-26,CUST-0095,Technology,1120.98,191.53,0.09
ORD-01692,2025-12-02,CUST-0089,Office Supplies,165.27,19.25,0.08
ORD-01693,2025-12-16,CUST-0056,Office Supplies,39.61,3.82,0.12
ORD-01694,2025-12-25,CUST-0072,Furniture,722.97,-17.92,0.23
ORD-01695,2025-12-08,CUST-0080,Furniture,603.41,-18.85,0.24
ORD-01696,2025-12-04,CUST-0003,Office Supplies,96.28,10.46,0.09
ORD-01697,2025-12-08,CUST-0112,Technology,783.1,133.42,0.09
ORD-01698,2025-12-27,CUST-0115,Technology,1041.79,166.47,0.11
ORD-01699,2025-12-24,CUST-0113,Office Supplies,133.64,14.55,0.09
ORD-01700,2025-12-08,CUST-0076,Technology,511.98,59.05,0.19
ORD-01701,2025-12-26,CUST-0086,Furniture,234.23,-12.2,0.28
ORD-01702,2025-12-27,CUST-0046,Furniture,563.78,0.02,0.18
ORD-01703,2025-12-06,CUST-0005,Office Supplies,115.54,15.49,0.05
ORD-01704,2025-12-19,CUST-0112,Technology,1024.14,160.39,0.12
ORD-01705,2025-12-24,CUST-0035,Technology,814.65,115.48,0.14
ORD-01706,2025-12-19,CUST-0029,Office Supplies,78.32,8.38,0.1
ORD-01707,2025-12-23,CUST-0012,Technology,821.99,146.4,0.08
ORD-01708,2025-12-19,CUST-0008,Furniture,505.75,12.03,0.14
ORD-01709,2025-12-19,CUST-0120,Furniture,508.45,3.2,0.17
ORD-01710,2025-12-27,CUST-0119,Office Supplies,71.92,7.14,0.11
ORD-01711,2025-12-16,CUST-0081,Office Supplies,87.8,12.87,0.02
ORD-01712,2025-12-06,CUST-0002,Furniture,554.1,-12.74,0.22
ORD-01713,2025-12-03,CUST-0059,Furniture,509.48,24.42,0.09
ORD-01714,2025-12-20,CUST-0073,Technology,1089.38,166.66,0.12
ORD-01715,2025-12-17,CUST-0081,Technology,1091.03,185.26,0.09
ORD-01716,2025-12-11,CUST-0070,Furniture,551.12,2.29,0.17
ORD-01717,2025-12-07,CUST-0072,Office Supplies,116.0,14.16,0.07
ORD-01718,2025-12-11,CUST-0097,Office Supplies,107.03,10.96,0.1
ORD-01719,2025-12-26,CUST-0116,Office Supplies,94.48,8.1,0.14
ORD-01720,2025-12-11,CUST-0018,Office Supplies,121.62,8.8,0.16
ORD-01721,2025-12-05,CUST-0099,Technology,858.01,132.16,0.12
ORD-01722,2025-12-05,CUST-0054,Furniture,666.69,16.43,0.14
ORD-01723,2025-12-28,CUST-0120,Office Supplies,120.65,14.16,0.08
ORD-01724,2025-12-12,CUST-0105,Furniture,536.28,-0.48,0.18
ORD-01725,2025-12-12,CUST-0107,Office Supplies,94.4,6.22,0.17
ORD-01726,2025-12-22,CUST-0108,Office Supplies,79.28,5.28,0.17
ORD-01727,2025-12-04,CUST-0057,Furniture,522.16,9.49,0.15
ORD-01728,2025-12-11,CUST-0017,Technology,866.94,111.44,0.17
ORD-01729,2025-12-06,CUST-0100,Technology,572.2,61.67,0.2
ORD-01730,2025-12-14,CUST-0093,Office Supplies,82.45,6.51,0.15
ORD-01731,2025-12-16,CUST-0053,Office Supplies,128.7,11.73,0.13
ORD-01732,2025-12-06,CUST-0010,Furniture,160.16,-3.42,0.22
ORD-01733,2025-12-18,CUST-0096,Office Supplies,99.81,9.05,0.13
ORD-01734,2025-12-20,CUST-0033,Office Supplies,40.66,3.02,0.16
ORD-01735,2025-12-08,CUST-0103,Office Supplies,92.34,10.22,0.09
ORD-01736,2025-12-27,CUST-0094,Office Supplies,55.68,3.82,0.17
ORD-01737,2025-12-10,CUST-0001,Technology,788.08,119.32,0.12
ORD-01738,2025-12-10,CUST-0021,Office Supplies,116.16,12.94,0.09
ORD-01739,2025-12-24,CUST-0089,Technology,836.41,111.43,0.16
ORD-01740,2025-12-23,CUST-0101,Technology,632.07,74.43,0.19
ORD-01741,2025-12-13,CUST-0039,Office Supplies,48.99,6.0,0.07
ORD-01742,2025-12-25,CUST-0035,Office Supplies,107.52,12.59,0.08
ORD-01743,2025-12-02,CUST-0112,Office Supplies,84.53,10.17,0.07
ORD-01744,2025-12-11,CUST-0055,Technology,861.94,129.32,0.13
ORD-01745,2025-12-20,CUST-0007,Office Supplies,120.52,13.01,0.09
